Name;;Country;;Description;;Thumbnail;;Publisher_Names;;Developer_Names;;Platform;;Steam_Link;;Release_Date;;Genre;;Epic_Link;;Playstation_Link;;Xbox_Link;;Switch_Link
Object Wars;;Belgium;;Get ready to fight other players in a colorful house and in several game modes like death match or infected mode. Use strange weapons like the nail gun, the eraser and many others.;;https://shared.cloudflare.steamstatic.com/store_item_assets/steam/apps/1936800/header.jpg?t=1727362084;;Vedg Studio;;Vedg Studio;;Windows, macOS, SteamOS + Linux;;https://store.steampowered.com/app/1936800/Object_Wars/;;Coming Soon;;Action, Indie, Massively Multiplayer, Strategy;;Unknown;;Unknown;;Unknown;;Unknown
AmaZoo;;Belgium;;Help KoKo on his first day at work! Push, kick, grab and rearrange the boxes, while avoiding the dangers throughout the mega-warehouse. Solve all the puzzles and finally reach the exit!;;https://shared.cloudflare.steamstatic.com/store_item_assets/steam/apps/3066360/header.jpg?t=1729101574;;Turbo Soda Games;;Turbo Soda Games;;Windows;;https://store.steampowered.com/app/3066360/AmaZoo/;;Q4 2024;;Adventure, Indie;;Unknown;;Unknown;;Unknown;;Unknown
Gun Shop Simulator;;Belgium;;Open and manage your own gun shop. Start small and expand/upgrade your business! Oh and also, crime rates have been going up lately, so be careful out there!;;https://shared.cloudflare.steamstatic.com/store_item_assets/steam/apps/2482780/header.jpg?t=1707691816;;ZuboGames;;ZuboGames;;Windows;;https://store.steampowered.com/app/2482780/Gun_Shop_Simulator/;;11 Feb, 2024;;Action, Casual, Indie, RPG, Simulation;;Unknown;;Unknown;;Unknown;;Unknown
Dream Bright;;Belgium;;Dream Bright is an unique story-driven game that blends exploration, platforming and stealth into a short journey. Dive into the imagination of Lucy while she creates her own adventure.;;https://shared.cloudflare.steamstatic.com/store_item_assets/steam/apps/2280200/header.jpg?t=1695294626;;Hogeschool West-Vlaanderen;;Sasha Vigneron, Gillian Assi, Noa Plinke, Sarah Feldmann, Ken Redant, Sander Casier, Ruben Frans;;Windows;;https://store.steampowered.com/app/2280200/Dream_Bright/;;21 Feb, 2023;;Adventure;;Unknown;;Unknown;;Unknown;;Unknown
The Witch’s Cookbook;;Belgium;;Concoct magical potions with or without the help of your community's chat. You'll experiment with different ingredients to create powerful spells, but beware - your viewers can add thei...;;https://shared.cloudflare.steamstatic.com/store_item_assets/steam/apps/2400540/header.jpg?t=1709226691;;Maracas Studio;;Maracas Studio;;Windows;;https://store.steampowered.com/app/2400540/The_Witchs_Cookbook/;;27 Feb, 2024;;Casual, Indie, Simulation;;Unknown;;Unknown;;Unknown;;Unknown
Nebelmer;;Belgium;;Discover the unknown land of Nebelmer, a small open world game about exploration, movements and mysteries. Leave your village to uncover the wonders and secrets hidden beneath the mist.;;https://shared.cloudflare.steamstatic.com/store_item_assets/steam/apps/3134810/header.jpg?t=1729498702;;Brume Studio;;Brume Studio;;Windows;;https://store.steampowered.com/app/3134810/Nebelmer/;;Q1 2025;;Adventure, Casual, Indie;;Unknown;;Unknown;;Unknown;;Unknown
Guaishou 怪兽;;Belgium;;Explore an abandonned city filled with grotesque mutants and mysteries. Use you retro-futuristic lightning rifle as a tool and a weapon, to see it through or die trying.;;https://shared.cloudflare.steamstatic.com/store_item_assets/steam/apps/2595470/header.jpg?t=1718292740;;Apophenia 23;;Apophenia 23;;Windows;;https://store.steampowered.com/app/2595470/Guaishou/;;To be announced;;Adventure, Indie;;Unknown;;Unknown;;Unknown;;Unknown
Find 100 Ducks and Blast Them!;;Belgium;;Yes! In this game you must blast 100 toy ducks! Relax, take aim, and let the feathers fly! With light-hearted gameplay and cute ducks to hunt, it's a casual first-person experience full...;;https://shared.cloudflare.steamstatic.com/store_item_assets/steam/apps/3222970/header.jpg?t=1728896154;;Welcome Back Games;;Welcome Back Games;;Windows;;https://store.steampowered.com/app/3222970/Find_100_Ducks_and_Blast_Them/;;To be announced;;Casual, Indie, Simulation, Free To Play;;Unknown;;Unknown;;Unknown;;Unknown
Popcorn Fever;;Belgium;;Popcorn Fever is a suika game featuring popcorns! Need a coffee break, stuck in a long commute, or just want to pass the time? Aim, drop, and merge the popcorns to score points. Customi...;;https://shared.cloudflare.steamstatic.com/store_item_assets/steam/apps/3035090/header.jpg?t=1729854256;;Yunicorn Studio;;Yunicorn Studio;;Windows, macOS;;https://store.steampowered.com/app/3035090/Popcorn_Fever/;;25 Oct, 2024;;Action, Casual, Indie, Simulation, Strategy;;Unknown;;Unknown;;Unknown;;Unknown
Nubs!;;Belgium;;Slap yourself into the absurdity of Nubs, where 5-player battles are as chaotic as they are quick! Risk it all for the mighty Konzumos' delight in this arena brawler and smash the other...;;https://shared.cloudflare.steamstatic.com/store_item_assets/steam/apps/2337860/header.jpg?t=1730217555;;Glowfish Interactive, Rangatang;;Rangatang, Glowfish Interactive;;Windows;;https://store.steampowered.com/app/2337860/Nubs/;;To be announced;;Action, Casual, Indie;;Unknown;;Unknown;;Unknown;;Unknown
Best Served Cold;;Belgium;;Can you mix a cocktail while eye-to-eye with a criminal? Find out in Best Served Cold, a murder mystery set in a bustling speakeasy where you serve customers, make friends and enemies, ...;;https://shared.cloudflare.steamstatic.com/store_item_assets/steam/apps/3218530/header.jpg?t=1727955653;;Rogueside;;Rogueside;;Windows;;https://store.steampowered.com/app/3218530/Best_Served_Cold/;;To be announced;;Adventure, Casual, Indie, Simulation;;Unknown;;Unknown;;Unknown;;Unknown
Deck of Haunts;;Belgium;;Deck of Haunts invites you to become a malevolent Haunted House. Lure humans into your cursed halls, manipulate their fears, and drain their essence to grow your power. Use strategy to ...;;https://shared.cloudflare.steamstatic.com/store_item_assets/steam/apps/3179730/header.jpg?t=1729790727;;DANGEN Entertainment;;Mantis;;Windows;;https://store.steampowered.com/app/3179730/Deck_of_Haunts/;;Q1 2025;;Adventure, Indie, Simulation, Strategy;;Unknown;;Unknown;;Unknown;;Unknown
BattleCards Saga;;Belgium;;Dive into BattleCards Saga : the card-fusing autobattler ! With over 800 unique animal cards, create the strongest team, discover all the combinations, and dominate the arena. Strategiz...;;https://shared.cloudflare.steamstatic.com/store_item_assets/steam/apps/3034680/header.jpg?t=1730324438;;GLHF Studio;;GLHF Studio;;Windows;;https://store.steampowered.com/app/3034680/BattleCards_Saga/;;28 Oct, 2024;;Indie, Strategy;;Unknown;;Unknown;;Unknown;;Unknown
Care Bears: To The Rescue;;Belgium;;Care Bears: To The Rescue is a brand-new action-platformer set in the world-renowned Care Bears universe, drawing direct inspiration from the original animated show “Care Bears: Unloc...;;https://shared.cloudflare.steamstatic.com/store_item_assets/steam/apps/2999510/header.jpg?t=1729845573;;Forever Entertainment S. A.;;Polygoat;;Windows;;https://store.steampowered.com/app/2999510/Care_Bears_To_The_Rescue/;;24 Oct, 2024;;Adventure;;Unknown;;Unknown;;Unknown;;Unknown
Magical Monsters;;Belgium;;Magical Monster is a casual action game with heavy Rogue-like elements where you explore randomly generated lands. Play at your own pace as you slay monsters, level, upgrade and make a ...;;https://shared.cloudflare.steamstatic.com/store_item_assets/steam/apps/3037130/header.jpg?t=1724220756;;Crydan Studio;;Crydan Studio;;Windows;;https://store.steampowered.com/app/3037130/Magical_Monsters/;;20 Aug, 2024;;Action;;Unknown;;Unknown;;Unknown;;Unknown
Short Memories;;Belgium;;A short story about life shared through the conversation of two women sitting on a bench.;;https://shared.cloudflare.steamstatic.com/store_item_assets/steam/apps/3189110/header.jpg?t=1729500716;;Guillaume Pauli;;Guillaume Pauli;;Windows, macOS;;https://store.steampowered.com/app/3189110/Short_Memories/;;21 Oct, 2024;;Casual, Indie, Free To Play;;Unknown;;Unknown;;Unknown;;Unknown
Yesterdreamt;;Belgium;;A lonesome Gunslinger must take on an Elder God. Bring back salvation to your Burgh. Face countless horrors. Use your steady hand and arcane tricks to stay alive. And above all else, tr...;;https://shared.cloudflare.steamstatic.com/store_item_assets/steam/apps/1637180/header.jpg?t=1730376790;;Saffron Streams Interactive;;Saffron Streams Interactive;;Windows;;https://store.steampowered.com/app/1637180/Yesterdreamt/;;To be announced;;Action, Adventure, Indie;;Unknown;;Unknown;;Unknown;;Unknown
Unicycle Pizza Time!;;Belgium;;Uh oh, seems like your delivery bike got stolen, but the pizzas need to keep being delivered!;;https://shared.cloudflare.steamstatic.com/store_item_assets/steam/apps/3138570/header.jpg?t=1729374457;;BiteMe Games;;BiteMe Games;;Windows;;https://store.steampowered.com/app/3138570/Unicycle_Pizza_Time/;;30 Aug, 2024;;Adventure, Indie;;Unknown;;Unknown;;Unknown;;Unknown
The Sacrifice;;Belgium;;The Sacrifice is a turn-based puzzle game set in 17th century Salem, where you control two characters simultaneously, Sarah and the Gatekeeper. Guide them through 120 levels filled with...;;https://shared.cloudflare.steamstatic.com/store_item_assets/steam/apps/2571720/header.jpg?t=1729536805;;Welcome Back Games;;Welcome Back Games;;Windows, macOS, SteamOS + Linux;;https://store.steampowered.com/app/2571720/The_Sacrifice/;;To be announced;;Adventure, Casual, Indie, Strategy;;Unknown;;Unknown;;Unknown;;Unknown
Stunt Granny;;Belgium;;Stunt Granny is a funny action game where you wake up and choose violence. Run over unsuspecting third graders, perform sick stunts, and swag out your mobility scooter. Casually drift a...;;https://shared.cloudflare.steamstatic.com/store_item_assets/steam/apps/3070030/header.jpg?t=1730145124;;teledev;;teledev;;Windows;;https://store.steampowered.com/app/3070030/Stunt_Granny/;;28 Oct, 2024;;Action, Casual, Racing;;Unknown;;Unknown;;Unknown;;Unknown
Animal Falling;;Belgium;;Animal falling is a multiplayer party game featuring cartoon animals in ball form, engaging players in a platform race filled with strategic obstacles and traps to hinder opponents. Unl...;;https://shared.cloudflare.steamstatic.com/store_item_assets/steam/apps/2657140/header.jpg?t=1728036270;;Pandaroo Interactive;;WOUAFL;;Windows;;https://store.steampowered.com/app/2657140/Animal_Falling/;;To be announced;;Casual, Indie;;Unknown;;Unknown;;Unknown;;Unknown
Underworld Overseer;;Belgium;;Become the master of your dungeon, command your army of demons, expand your territory, place strategic traps and defeat waves of adventurers with your powerful spells.;;https://shared.cloudflare.steamstatic.com/store_item_assets/steam/apps/2909910/header.jpg?t=1730395368;;Myron Games;;Myron Games;;Windows;;https://store.steampowered.com/app/2909910/Underworld_Overseer/;;31 Oct, 2024;;Indie, Simulation, Strategy;;Unknown;;Unknown;;Unknown;;Unknown
Break Games;;Belgium;;In need of a small break while streaming? Launch a break game and let your community defend your stream from an alien invasion or get them riled up with an exclusive giveaway game! Brea...;;https://shared.cloudflare.steamstatic.com/store_item_assets/steam/apps/2956400/header.jpg?t=1726473934;;CVS-Gaming;;Business Goose Studios, CVS-Gaming;;Windows;;https://store.steampowered.com/app/2956400/Break_Games/;;29 Jul, 2024;;Action, Casual, Indie, Massively Multiplayer;;Unknown;;Unknown;;Unknown;;Unknown
Anx Defense;;Belgium;;Defend your Nexus by placing mirrors and buildings on the path of your projectiles. Deflect, empower, manage and solve each map using your creative and strategic mind.;;https://shared.cloudflare.steamstatic.com/store_item_assets/steam/apps/2500450/header.jpg?t=1705079453;;Nocteon Games;;Nocteon Games;;Windows;;https://store.steampowered.com/app/2500450/Anx_Defense/;;6 Dec, 2023;;Casual, Indie, Strategy;;Unknown;;Unknown;;Unknown;;Unknown
Vector Light;;Belgium;;A 2D abstract puzzle game where the goal is to find the right pattern to maximize your scores!;;https://shared.cloudflare.steamstatic.com/store_item_assets/steam/apps/1175570/header.jpg?t=1576859261;;RC Games;;RC Games;;Windows;;https://store.steampowered.com/app/1175570/Vector_Light/;;20 Dec, 2019;;Casual;;Unknown;;Unknown;;Unknown;;Unknown
Time To Wake Up;;Belgium;;Stuck in a dream, you hear a voice in need of your eyes. Blink and refresh your memory to escape the shadows of your past.;;https://shared.cloudflare.steamstatic.com/store_item_assets/steam/apps/2509870/header.jpg?t=1722698453;;Eye Blink Twice;;Eye Blink Twice;;Windows;;https://store.steampowered.com/app/2509870/Time_To_Wake_Up/;;To be announced;;Adventure, Indie;;Unknown;;Unknown;;Unknown;;Unknown
HexoCity;;Belgium;;HexoCity blends tranquility with strategy in a vibrant synthwave-inspired puzzle game. Build a futuristic city on a lush archipelago. Seek challenges? Strategize for high scores in this...;;https://shared.cloudflare.steamstatic.com/store_item_assets/steam/apps/2820100/header.jpg?t=1721936907;;Way16a;;Way16a;;Windows;;https://store.steampowered.com/app/2820100/HexoCity/;;20 Jun, 2024;;Casual, Indie, Simulation, Strategy;;Unknown;;Unknown;;Unknown;;Unknown
Fractured Horizon;;Belgium;;Fractured Horizon is a fast-paced parkour game, where you use Gravity Fields to traverse through a shattered world. Manipulate gravity, leap between the platforms and overcome obstacles...;;https://shared.cloudflare.steamstatic.com/store_item_assets/steam/apps/2704280/header.jpg?t=1713016411;;Hogeschool West-Vlaanderen;;Rune van der Lei, Lara D'Adda, Michalina Gasienica-Laskowy, Amber Pérard, Simon Schaep, Hugo Colauto;;Windows;;https://store.steampowered.com/app/2704280/Fractured_Horizon/;;10 Apr, 2024;;Adventure, Casual, Indie;;Unknown;;Unknown;;Unknown;;Unknown
Don't Forget;;Belgium;;Don’t Forget is a 3D singleplayer story and exploration game inspired by dementia. Recollect your memories by looking for clues and playing brain-stimulating minigames whilst battling...;;https://shared.cloudflare.steamstatic.com/store_item_assets/steam/apps/2775690/header.jpg?t=1726252281;;Hogeschool West-Vlaanderen;;Evie Verstappen, Sander De Keukelaere, Nina Krutkyté, Robbe Mahieu, Lee Vangraefschepe, Niyash Khadka;;Windows, macOS, SteamOS + Linux;;https://store.steampowered.com/app/2775690/Dont_Forget/;;4 Jun, 2024;;Casual, Indie, Free To Play;;Unknown;;Unknown;;Unknown;;Unknown
Adapta Solva;;Belgium;;Absorb elements from magical shrines to solve puzzles and overcome obstacles in this cute and short little adventure where you follow a magical creature in a world laid to ruin by an un...;;https://shared.cloudflare.steamstatic.com/store_item_assets/steam/apps/2752680/header.jpg?t=1727338652;;Hogeschool West-Vlaanderen;;Devon Brazelton, Twannes Claes, Malou De Paepe, Karolinka Fierloos, Dennis Skodda, Jeroen Gesquiere;;Windows;;https://store.steampowered.com/app/2752680/Adapta_Solva/;;14 Feb, 2024;;Casual, Indie, Free To Play;;Unknown;;Unknown;;Unknown;;Unknown
Gloomy Eyes - The Game;;Belgium;;Within a world where the sun has stopped rising, the darkness awoke the dead from their graves, and an oppressive leader has cast them out. Play Gloomy and Nena, a zombie and a human , ...;;https://shared.cloudflare.steamstatic.com/store_item_assets/steam/apps/2667950/header.jpg?t=1729000824;;ARTE France;;Atlas V, 3Dar, Fishing Cactus, Be Revolution;;Windows;;https://store.steampowered.com/app/2667950/Gloomy_Eyes__The_Game/;;To be announced;;Adventure, Casual, Indie;;Unknown;;Unknown;;Unknown;;Unknown
Final Girl;;Belgium;;FINAL GIRL is a turn-based tactical inspired by 90’s horror movies. Analyse your environment, choose the right interactions and outsmart terrifying villains in small scale yet intense...;;https://shared.cloudflare.steamstatic.com/store_item_assets/steam/apps/2669250/header.jpg?t=1724834066;;Jonathan Lorenz;;Jonathan Lorenz;;Windows;;https://store.steampowered.com/app/2669250/Final_Girl/;;To be announced;;Strategy;;Unknown;;Unknown;;Unknown;;Unknown
Land of Symbiosis;;Belgium;;Online cooperative or solo survival and action RPG set in a procedural alien world. Explore, survive, battle bosses and gather resources to customize your equipment and defend your base...;;https://shared.cloudflare.steamstatic.com/store_item_assets/steam/apps/2874540/header.jpg?t=1726820108;;Aberratic;;Aberratic;;Windows;;https://store.steampowered.com/app/2874540/Land_of_Symbiosis/;;To be announced;;Action, Adventure;;Unknown;;Unknown;;Unknown;;Unknown
The Spell Brigade;;Belgium;;Survivors-like with ONLINE CO-OP for 1-4 players. Team up with your wizard friends to slay hordes of dark creatures. Complete team-based objectives, unlock new upgrades and create overp...;;https://shared.cloudflare.steamstatic.com/store_item_assets/steam/apps/2904000/header.jpg?t=1729677024;;Bolt Blaster Games;;Bolt Blaster Games;;Windows, SteamOS + Linux;;https://store.steampowered.com/app/2904000/The_Spell_Brigade/;;16 Sep, 2024;;Action, Casual, Indie, Free To Play, Early Access;;Unknown;;Unknown;;Unknown;;Unknown
Blood Bar Tycoon;;Belgium;;Blood Bar Tycoon is a vampire bar management game. Build bars and blood factories, lure humans to harvest their blood, process it, and serve your customers: other vampires. Research qui...;;https://shared.cloudflare.steamstatic.com/store_item_assets/steam/apps/2776780/header.jpg?t=1730320399;;Clever Trickster Productions;;Clever Trickster Studio;;Windows;;https://store.steampowered.com/app/2776780/Blood_Bar_Tycoon/;;4 Feb, 2025;;Casual, Indie, Simulation, Strategy;;Unknown;;Unknown;;Unknown;;Unknown
Helix: Descent N Ascent;;Belgium;;Embark in Helix, an adventure into the depths of a forgotten world. Progress in a nonlinear fashion, combining your powers to solve puzzles. Dive into a visually captivating and immersi...;;https://shared.cloudflare.steamstatic.com/store_item_assets/steam/apps/2736370/header.jpg?t=1729624314;;Badass Mongoose;;Badass Mongoose;;Windows;;https://store.steampowered.com/app/2736370/Helix_Descent_N_Ascent/;;To be announced;;Adventure, Indie;;Unknown;;Unknown;;Unknown;;Unknown
Replaceable;;Belgium;;After 30 years in hibernation, a robot designer wakes to find his facility in ruins and a sinister AI hunting him. In this dark, atmospheric adventure about morality and memory, command...;;https://shared.cloudflare.steamstatic.com/store_item_assets/steam/apps/2145980/header.jpg?t=1730373941;;To be confirmed;;The Pack;;Windows;;https://store.steampowered.com/app/2145980/Replaceable/;;To be announced;;Adventure, Indie;;Unknown;;Unknown;;Unknown;;Unknown
Curiosmos;;Belgium;;Curiosmos is a cozy space sim where you build your own solar system by hand, crafting planets, moons, gravity, atmosphere, and even life! Embark on a quest to discover the secrets of th...;;https://shared.cloudflare.steamstatic.com/store_item_assets/steam/apps/2585710/header.jpg?t=1729202348;;Céline & The Silly Stars;;Céline & The Silly Stars;;Windows, macOS;;https://store.steampowered.com/app/2585710/Curiosmos/;;To be announced;;Casual, Indie, Simulation;;Unknown;;Unknown;;Unknown;;Unknown
The Sisters 2 - Road to Fame;;Belgium;;Get on trend and take the road to fame! Double the trouble, double the fun, our Sisters are back to cause twice the chaos!;;https://shared.cloudflare.steamstatic.com/store_item_assets/steam/apps/2434050/header.jpg?t=1721387416;;Microids;;Balio Studio;;Windows;;https://store.steampowered.com/app/2434050/The_Sisters_2__Road_to_Fame/;;5 Oct, 2023;;Action, Adventure, Casual, Simulation, Sports;;Unknown;;Unknown;;Unknown;;Unknown
Wake Cup;;Belgium;;Fight against the flock of tired workers on a boring Monday morning with a cup of coffee and keep the economy flowing. Wake up, sell, lose, improve, repeat! A clicker tower defence game...;;https://shared.cloudflare.steamstatic.com/store_item_assets/steam/apps/2881430/header.jpg?t=1730343565;;Pyralis Studio;;Pyralis Studio;;Windows, SteamOS + Linux;;https://store.steampowered.com/app/2881430/Wake_Cup/;;20 May, 2024;;Action, Indie, Strategy, Early Access;;Unknown;;Unknown;;Unknown;;Unknown
Necro Story;;Belgium;;Necro Story is a creature-collection RPG where you play as a (kind of) evil necromancer more into undead shenanigans than saving the world! Command quirky minions, outsmart foes, and sn...;;https://shared.cloudflare.steamstatic.com/store_item_assets/steam/apps/968800/header.jpg?t=1728725765;;Rablo Games;;Rablo Games;;Windows;;https://store.steampowered.com/app/968800/Necro_Story/;;7 Oct, 2024;;Casual, RPG, Strategy;;Unknown;;Unknown;;Unknown;;Unknown
Waking Tides;;Belgium;;"Welcome to ""Waking Tides,"" a small but captivating atmospheric adventure game that thrives on experimentation. Delve into a world where augmented reality extends your gameplay, seamless...";;https://shared.cloudflare.steamstatic.com/store_item_assets/steam/apps/2475480/header.jpg?t=1729853269;;AirshipFx;;AirshipFx;;Windows;;https://store.steampowered.com/app/2475480/Waking_Tides/;;16 Mar, 2024;;Adventure, Casual, Indie;;Unknown;;Unknown;;Unknown;;Unknown
Little Postman;;Belgium;;Puzzle game where you rotate islands to find your way around different archipelagos.;;https://shared.cloudflare.steamstatic.com/store_item_assets/steam/apps/2389440/header.jpg?t=1683137225;;Atlas Imaginal;;Atlas Imaginal;;Windows;;https://store.steampowered.com/app/2389440/Little_Postman/;;3 May, 2023;;Indie;;Unknown;;Unknown;;Unknown;;Unknown
Blast Them All;;Belgium;;Reload your weapon, the show's about to start! Blast Them All is a wave-based twin stick shooter where you face endless hordes of hungry zombies. Use your agility, pick up weapons and a...;;https://shared.cloudflare.steamstatic.com/store_item_assets/steam/apps/2722490/header.jpg?t=1727696431;;Bon Appetit Games;;Bon Appetit Games;;Windows;;https://store.steampowered.com/app/2722490/Blast_Them_All/;;20 Feb, 2024;;Action, Indie, Free To Play;;Unknown;;Unknown;;Unknown;;Unknown
Kick'n Hell;;Belgium;;Kick your way through Hell’s punishing terrain using only your feet. Become the ultimate martial artist, mastering your technique as you prepare for the final confrontation with Satan.;;https://shared.cloudflare.steamstatic.com/store_item_assets/steam/apps/2832070/header.jpg?t=1730265899;;Fire Foot Studios;;Fire Foot Studios;;Windows;;https://store.steampowered.com/app/2832070/Kickn_Hell/;;To be announced;;Action, Adventure, Indie;;Unknown;;Unknown;;Unknown;;Unknown
Outpost;;Belgium;;Outpost brings the perfect mix between survival and roguelite gameplay. Start the game in a randomly generated environment and try to adapt, and make it through as many nights as possib...;;https://shared.cloudflare.steamstatic.com/store_item_assets/steam/apps/1127110/header.jpg?t=1719403126;;Open Mid Interactive;;Open Mid Interactive;;Windows, macOS, SteamOS + Linux;;https://store.steampowered.com/app/1127110/Outpost/;;1 May, 2020;;Adventure, Casual, Indie, Strategy, Free To Play;;Unknown;;Unknown;;Unknown;;Unknown
Domiverse;;Belgium;;You are an overpowered gladiator with the skills to destroy all who stand before you. The only problem is, so is everyone else! Enter the Domiverse for fast and frantic fun in this part...;;https://shared.cloudflare.steamstatic.com/store_item_assets/steam/apps/598880/header.jpg?t=1640091535;;Haunted Tie;;Haunted Tie;;Windows, macOS, SteamOS + Linux;;https://store.steampowered.com/app/598880/Domiverse/;;7 Mar, 2018;;Action, Indie;;Unknown;;Unknown;;Unknown;;Unknown
Revolve;;Belgium;;Revolve is a Physics based Action Platformer. You have no direct control and need to use boosts, gravity & momentum to escape a dystopian world;;https://shared.cloudflare.steamstatic.com/store_item_assets/steam/apps/412760/header.jpg?t=1572615344;;Rusty Bolt;;Rusty Bolt;;Windows, macOS;;https://store.steampowered.com/app/412760/Revolve/;;14 Feb, 2017;;Action, Indie;;Unknown;;Unknown;;Unknown;;Unknown
Senet;;Belgium;;Senet is a digital adaptation of an ancient Egyptian board game for two players. It features genuine 3D reproductions of game boards exhibited in museums, and offers a family-friendly t...;;https://shared.cloudflare.steamstatic.com/store_item_assets/steam/apps/2094480/header.jpg?t=1700497831;;Crinoid;;Crinoid;;Windows, SteamOS + Linux;;https://store.steampowered.com/app/2094480/Senet/;;4 Nov, 2022;;Casual, Strategy;;Unknown;;Unknown;;Unknown;;Unknown
Meet me at NooN;;Belgium;;Could time go backwards? Meet me at NooN is a time manipulation turn-based puzzle-platformer with Tenet inspired mechanics. Control two characters, create perfect time loops and solve b...;;https://shared.cloudflare.steamstatic.com/store_item_assets/steam/apps/1880490/header.jpg?t=1670492762;;Pandaroo Interactive;;Pandaroo Interactive;;Windows, macOS, SteamOS + Linux;;https://store.steampowered.com/app/1880490/Meet_me_at_NooN/;;20 Jun, 2022;;Casual, Indie, Strategy;;Unknown;;Unknown;;Unknown;;Unknown
Starship Troopers: Terran Command;;Belgium;;Lead the Mobile Infantry in this RTS game set in the Starship Troopers film universe. Balance your army composition with a diverse set of unit types, overcome line-of-sight and line-of-...;;https://shared.cloudflare.steamstatic.com/store_item_assets/steam/apps/1202130/header.jpg?t=1726825758;;Slitherine Ltd.;;The Artistocrats;;Windows;;https://store.steampowered.com/app/1202130/Starship_Troopers_Terran_Command/;;16 Jun, 2022;;Strategy;;Unknown;;Unknown;;Unknown;;Unknown
Malebolgia;;Belgium;;Abandon all hope, ye who enter Malebolgia! Explore this haunted palace and fight the terrible demons and beasts within, as you struggle to escape the cold and desolate wasteland of Hell...;;https://shared.cloudflare.steamstatic.com/store_item_assets/steam/apps/318860/header.jpg?t=1589788307;;DascuMaru;;DascuMaru;;Windows, macOS;;https://store.steampowered.com/app/318860/Malebolgia/;;6 May, 2015;;Action, Adventure, Indie;;Unknown;;Unknown;;Unknown;;Unknown
Foreign Legion: Buckets of Blood;;Belgium;;Foreign Legion: Buckets of Blood is a cartoon-style third-person shooter. You take the role of a last-standing hard-boiled Legionnaire taking on an entire rebel army. A small campaign w...;;https://shared.cloudflare.steamstatic.com/store_item_assets/steam/apps/36000/header.jpg?t=1667822575;;Sakari Games;;Sakari Games;;Windows, macOS;;https://store.steampowered.com/app/36000/Foreign_Legion_Buckets_of_Blood/;;4 Aug, 2009;;Action, Indie;;Unknown;;Unknown;;Unknown;;Unknown
Cargo Breach;;Belgium;;Cargo Breach is an Intense VR Arcade Shooter with Unique Weapon Mechanics. You hunt down escaped creatures in dark atmospheric spaceship corridors. All presented in stunning AAA graphic...;;https://shared.cloudflare.steamstatic.com/store_item_assets/steam/apps/722040/header.jpg?t=1667820384;;No. 28 Games;;No. 28 Games;;Windows;;https://store.steampowered.com/app/722040/Cargo_Breach/;;13 Oct, 2017;;Action, Indie;;Unknown;;Unknown;;Unknown;;Unknown
Foreign Legion: Multi Massacre;;Belgium;;Foreign Legion: Multi Massacre is the (far too) long awaited follow up to Buckets of Blood. Now you can continue the cartoon-style third person battle online and battle your friends, en...;;https://shared.cloudflare.steamstatic.com/store_item_assets/steam/apps/205550/header.jpg?t=1667822027;;Sakari Games;;Sakari Games;;Windows, macOS;;https://store.steampowered.com/app/205550/Foreign_Legion_Multi_Massacre/;;9 Jul, 2012;;Action, Casual, Indie;;Unknown;;Unknown;;Unknown;;Unknown
Rise of Humanity;;Belgium;;Battle enemy bots, plan your strategy to complete missions, collect, upgrade and merge powerful cards to save humanity in this tactical turn-based game!;;https://shared.cloudflare.steamstatic.com/store_item_assets/steam/apps/1048530/header.jpg?t=1652974651;;Cybernetic Walrus;;Cybernetic Walrus;;Windows;;https://store.steampowered.com/app/1048530/Rise_of_Humanity/;;21 Oct, 2021;;Strategy, Early Access;;Unknown;;Unknown;;Unknown;;Unknown
Moons of Ardan;;Belgium;;Embark on a space city-building adventure in Moons of Ardan! Develop a thriving civilization in a real-time planetary system. Oversee production chains, cater to the needs of your axona...;;https://shared.cloudflare.steamstatic.com/store_item_assets/steam/apps/1694260/header.jpg?t=1711794786;;Pandora Technology;;Pandora Technology;;Windows;;https://store.steampowered.com/app/1694260/Moons_of_Ardan/;;21 Oct, 2021;;Simulation, Strategy, Early Access;;Unknown;;Unknown;;Unknown;;Unknown
Flotsam;;Belgium;;The floating garbage town survival game! Scavenge what precious garbage you can from the ocean's surface and grow your city while doing your best to survive in this colorful post-apocal...;;https://shared.cloudflare.steamstatic.com/store_item_assets/steam/apps/821250/header.jpg?t=1729084089;;Stray Fawn Publishing;;Pajama Llama Games;;Windows;;https://store.steampowered.com/app/821250/Flotsam/;;26 Sep, 2019;;Indie, Simulation, Strategy, Early Access;;Unknown;;Unknown;;Unknown;;Unknown
The Path;;Belgium;;There is one rule in the game. And it needs to be broken. There is one goal. And when you attain it, you die.;;https://shared.cloudflare.steamstatic.com/store_item_assets/steam/apps/27000/header.jpg?t=1667032931;;Tale of Tales;;Tale of Tales;;Windows, macOS;;https://store.steampowered.com/app/27000/The_Path/;;18 Mar, 2009;;Adventure, Indie;;Unknown;;Unknown;;Unknown;;Unknown
Sunset;;Belgium;;It's 1972 and a military coup has rocked Anchuria. You, Angela Burnes, are trapped in the metropolitan capital of San Bavón. Your paradise has turned into a warzone. You take up a job ...;;https://shared.cloudflare.steamstatic.com/store_item_assets/steam/apps/287600/header.jpg?t=1667031174;;Tale of Tales;;Tale of Tales;;Windows, macOS, SteamOS + Linux;;https://store.steampowered.com/app/287600/Sunset/;;21 May, 2015;;Adventure, Casual, Indie, Simulation;;Unknown;;Unknown;;Unknown;;Unknown
Divine Divinity;;Belgium;;Divine Divinity is an epic role-playing game with hack-and-slash action, offering a huge world to explore and thousands of items to investigate, trade and use.;;https://shared.cloudflare.steamstatic.com/store_item_assets/steam/apps/214170/header.jpg?t=1568735839;;Larian Studios;;Larian Studios;;Windows;;https://store.steampowered.com/app/214170/Divine_Divinity/;;20 Sep, 2002;;RPG;;Unknown;;Unknown;;Unknown;;Unknown
Logica Emotica;;Belgium;;An emoji infused puzzle game for you!;;https://shared.cloudflare.steamstatic.com/store_item_assets/steam/apps/1979700/header.jpg?t=1655104742;;Bart Bonte;;Bart Bonte;;Windows;;https://store.steampowered.com/app/1979700/Logica_Emotica/;;7 Jun, 2022;;Casual, Indie;;Unknown;;Unknown;;Unknown;;Unknown
Slapshot: Rebound;;Belgium;;Slapshot: Rebound is a physics-based multiplayer game where you play an arcade style match of hockey. No shoot button, no puck glue, no RNG. It’s up to you and your team to take contr...;;https://shared.cloudflare.steamstatic.com/store_item_assets/steam/apps/1173370/header.jpg?t=1729160514;;Oddshot Games;;Oddshot Games;;Windows;;https://store.steampowered.com/app/1173370/Slapshot_Rebound/;;11 Apr, 2024;;Action, Casual, Indie, Sports, Free To Play;;Unknown;;Unknown;;Unknown;;Unknown
The Man Came Around;;Belgium;;The Man Came Around is a survival game with narrative choices. Play five activists fleeing a police state. Cross the border. Evade the cops. Scavenge resources. Survive the elements. Wi...;;https://shared.cloudflare.steamstatic.com/store_item_assets/steam/apps/1104920/header.jpg?t=1691582808;;Pipette Inc;;Pipette Inc;;Windows, macOS;;https://store.steampowered.com/app/1104920/The_Man_Came_Around/;;9 Aug, 2023;;Adventure, Indie, RPG;;Unknown;;Unknown;;Unknown;;Unknown
Verses of Enchantment;;Belgium;;A magical card game where you duel wizards using AI generated poetry. Travel a rich world, meet fellow wizards, collect cards and build a deck that will inspire enchanting poetry! (All ...;;https://shared.cloudflare.steamstatic.com/store_item_assets/steam/apps/2086910/header.jpg?t=1709202470;;Nachtvlam;;Nachtvlam;;Windows, macOS, SteamOS + Linux;;https://store.steampowered.com/app/2086910/Verses_of_Enchantment/;;1 Aug, 2023;;Adventure, Indie, RPG, Strategy;;Unknown;;Unknown;;Unknown;;Unknown
Swarm Survivor;;Belgium;;A dark and moody top-down shooter. Unlock new weapons and upgrades by completing achievements, making each run different. Will you be able to escape the swarm?;;https://shared.cloudflare.steamstatic.com/store_item_assets/steam/apps/2351930/header.jpg?t=1697654241;;Pandaroo Interactive;;MegalOh! Games;;Windows;;https://store.steampowered.com/app/2351930/Swarm_Survivor/;;14 Jul, 2023;;Action, Adventure, Indie, RPG;;Unknown;;Unknown;;Unknown;;Unknown
Railed Up;;Belgium;;A shooter inside tramways on suspended railways viewed from below, set in a dystopian future.;;https://shared.cloudflare.steamstatic.com/store_item_assets/steam/apps/2383660/header.jpg?t=1688649390;;Absorb Reality;;Absorb Reality;;Windows;;https://store.steampowered.com/app/2383660/Railed_Up/;;6 Jul, 2023;;Action, Indie;;Unknown;;Unknown;;Unknown;;Unknown
Shapebreaker - Tower Defense Deckbuilder;;Belgium;;A fusion of tower defense games and roguelike deckbuilders. Use your cards to build towers and to upgrade them in unique ways. Gain rewards to customize your deck, defense and playstyle...;;https://shared.cloudflare.steamstatic.com/store_item_assets/steam/apps/1924010/header.jpg?t=1683140250;;Alexander Van den Bulck;;Alexander Van den Bulck;;Windows;;https://store.steampowered.com/app/1924010/Shapebreaker__Tower_Defense_Deckbuilder/;;2 May, 2023;;Indie, Strategy;;Unknown;;Unknown;;Unknown;;Unknown
KAKUDO;;Belgium;;KAKUDO is a maze exploration and adventure game. As a small humanoïd named Tamashï, you will escape labyrinths while collecting as many coins as possible and beating your personal hig...;;https://shared.cloudflare.steamstatic.com/store_item_assets/steam/apps/2063510/header.jpg?t=1694032887;;Bad Weather Studios;;Bad Weather Studios;;Windows;;https://store.steampowered.com/app/2063510/KAKUDO/;;30 Mar, 2023;;Adventure, Casual, Indie;;Unknown;;Unknown;;Unknown;;Unknown
Die O'Clock;;Belgium;;Die o' clock is a solo dark and disturbing escape game. The clock gives you a chance to start over. Find the twelve keys necessary to win its challenge.;;https://shared.cloudflare.steamstatic.com/store_item_assets/steam/apps/2081490/header.jpg?t=1669741285;;Darkest Room;;Darkest Room;;Windows;;https://store.steampowered.com/app/2081490/Die_OClock/;;29 Nov, 2022;;Adventure;;Unknown;;Unknown;;Unknown;;Unknown
We Who Are About To Die;;Belgium;;Fight & strategize your way through spectacles and arenas -- rise from lowly slave to Grand Champion and earn your freedom. Or... die trying. This Gladiator RPG Roguelite features in-de...;;https://shared.cloudflare.steamstatic.com/store_item_assets/steam/apps/973230/header.jpg?t=1728915564;;Jordy Lakiere;;Jordy Lakiere;;Windows;;https://store.steampowered.com/app/973230/We_Who_Are_About_To_Die/;;14 Nov, 2022;;Action, Indie, RPG, Simulation, Strategy, Early Access;;Unknown;;Unknown;;Unknown;;Unknown
Valor;;Belgium;;Survive different gamemodes in this Hack and Slash Arena ARPG. Play as one (or all!) of the many unique characters, each with their own strength, weaknesses, weapons and abilities. Upgr...;;https://shared.cloudflare.steamstatic.com/store_item_assets/steam/apps/1694310/header.jpg?t=1719403172;;Open Mid Interactive;;Open Mid Interactive;;Windows, macOS, SteamOS + Linux;;https://store.steampowered.com/app/1694310/Valor/;;3 Nov, 2022;;Action, Adventure, Indie, RPG;;Unknown;;Unknown;;Unknown;;Unknown
Outshine;;Belgium;;Unleash your powers against your oppressors in this arcade, fast-paced typing game. Avoid traps, destroy enemies, defeat bosses to seek your revenge, and rush to the top of the leaderbo...;;https://shared.cloudflare.steamstatic.com/store_item_assets/steam/apps/1288410/header.jpg?t=1722524342;;Fishing Cactus, PID Games;;Fishing Cactus;;Windows;;https://store.steampowered.com/app/1288410/Outshine/;;3 Nov, 2022;;Action, Indie;;Unknown;;Unknown;;Unknown;;Unknown
Causal Nexus;;Belgium;;Create your abilities, destroy your opponents, go as far as you can in this roguelite arcade shooter. Full solo experience with our regular challenges or show them who's the best with t...;;https://shared.cloudflare.steamstatic.com/store_item_assets/steam/apps/2164980/header.jpg?t=1671735107;;Impeyron Games;;Impeyron Games;;Windows, SteamOS + Linux;;https://store.steampowered.com/app/2164980/Causal_Nexus/;;19 Dec, 2022;;Action, Indie, RPG, Strategy;;Unknown;;Unknown;;Unknown;;Unknown
Crystalis Descendant;;Belgium;;Play as a Gladiator defending the Crystal against relentless hordes in – a fast-paced Action Roguelike. Charge the Crystal by defeating enemies and unleashing devastating waves of des...;;https://shared.cloudflare.steamstatic.com/store_item_assets/steam/apps/2187610/header.jpg?t=1728633259;;Boxsun;;Boxsun;;Windows, macOS, SteamOS + Linux;;https://store.steampowered.com/app/2187610/Crystalis_Descendant/;;To be announced;;Action, Indie, Early Access;;Unknown;;Unknown;;Unknown;;Unknown
Light Kin;;Belgium;;Don't let the calming fire fool you in this chaotic Bullet Hell style game. Rise to the challenge as you reach new heights while collecting embers of your own kin. Release them all in a...;;https://shared.cloudflare.steamstatic.com/store_item_assets/steam/apps/2078530/header.jpg?t=1664978065;;Boxsun;;Boxsun;;Windows;;https://store.steampowered.com/app/2078530/Light_Kin/;;5 Oct, 2022;;Action, Indie;;Unknown;;Unknown;;Unknown;;Unknown
Space Control;;Belgium;;Ditch the ordinary 9-to-5 for a cosmic career with your alien crew! Abduction duties, alien babysitting, and concert chaos await. Go on a VR adventure that's more 'WTF' than HR-approved...;;https://shared.cloudflare.steamstatic.com/store_item_assets/steam/apps/1759150/header.jpg?t=1718872793;;MoonMonster Studios;;MoonMonster Studios;;Windows;;https://store.steampowered.com/app/1759150/Space_Control/;;To be announced;;Adventure, Casual, Indie, RPG, Simulation;;Unknown;;Unknown;;Unknown;;Unknown
Maze'Em;;Belgium;;Maze’em is a cozy life sim where every maze takes you on a new adventure! Explore a world of puzzles and creativity, help villagers, and design your own maze town.;;https://shared.cloudflare.steamstatic.com/store_item_assets/steam/apps/1766240/header.jpg?t=1718354770;;Slappy Inc.;;Slappy Inc.;;Windows;;https://store.steampowered.com/app/1766240/MazeEm/;;To be announced;;Adventure, Casual, Indie, Simulation, Strategy;;Unknown;;Unknown;;Unknown;;Unknown
Slappy Board;;Belgium;;Blow off steam in Slappy Board! Immerse yourself in different themes with multiple scenarios. Keep calm or lose control, the choice is yours. But don't forget to have fun and SLAP!;;https://shared.cloudflare.steamstatic.com/store_item_assets/steam/apps/1714910/header.jpg?t=1700063991;;Slappy Inc.;;Slappy Inc.;;Windows;;https://store.steampowered.com/app/1714910/Slappy_Board/;;15 Nov, 2023;;Action, Casual, Indie, Simulation;;Unknown;;Unknown;;Unknown;;Unknown
Aztlan Uncovered: Prologue;;Belgium;;Explore an archeological site long lost to the ages. Use your time-reversing equipment to reveal the past and discover the secrets amidst the frozen wasteland.;;https://shared.cloudflare.steamstatic.com/store_item_assets/steam/apps/1873510/header.jpg?t=1693556374;;Slappy Inc.;;Slappy Inc.;;Windows;;https://store.steampowered.com/app/1873510/Aztlan_Uncovered_Prologue/;;28 Jul, 2022;;Adventure, Indie, Free To Play;;Unknown;;Unknown;;Unknown;;Unknown
Super Space Serpent SE;;Belgium;;80's vector style Twin stick action with a booming soundtrack and permadeath.;;https://shared.cloudflare.steamstatic.com/store_item_assets/steam/apps/1483860/header.jpg?t=1652187035;;Verenigde Producties.vzw;;Petrus-Games;;Windows;;https://store.steampowered.com/app/1483860/Super_Space_Serpent_SE/;;10 May, 2019;;Action, Casual, Indie;;Unknown;;Unknown;;Unknown;;Unknown
AgriLife;;Belgium;;Between turn-based management and farming game, AgriLife puts you in the shoes of a farmer. Plant your crops in a living soil, move on to the next week and watch their evolution! Master...;;https://shared.cloudflare.steamstatic.com/store_item_assets/steam/apps/1803020/header.jpg?t=1650379751;;AgriLife Team;;AgriLife Team;;Windows;;https://store.steampowered.com/app/1803020/AgriLife/;;14 Apr, 2022;;Simulation, Strategy;;Unknown;;Unknown;;Unknown;;Unknown
Armored Firestorm;;Belgium;;Armored Firestorm is an intense top-down shoot'em up action game in a futurist environments. At the controls of your Hovertank, survive against the attack of the machines in the orbital...;;https://shared.cloudflare.steamstatic.com/store_item_assets/steam/apps/1911530/header.jpg?t=1659525275;;The Nextdoor Developer;;The Nextdoor Developer;;Windows;;https://store.steampowered.com/app/1911530/Armored_Firestorm/;;4 Apr, 2022;;Action;;Unknown;;Unknown;;Unknown;;Unknown
Totally Convenient;;Belgium;;Experience the most inconvenient way to serve customer in this brain-melting multi-tasking eye-hand coordination game! Use your sharp reflexes and your deep concentration to throw delic...;;https://shared.cloudflare.steamstatic.com/store_item_assets/steam/apps/1636070/header.jpg?t=1657112286;;Jonathan Lorenz;;Jonathan Lorenz;;Windows;;https://store.steampowered.com/app/1636070/Totally_Convenient/;;4 Mar, 2022;;Action, Indie;;Unknown;;Unknown;;Unknown;;Unknown
Tiny Stories: Santa Closes;;Belgium;;« Santa Closes » is a pint-sized point & click adventure in which you take on the role of an Elf whose sole mission is to save Christmas...but the poor devil will soon find how hard s...;;https://shared.cloudflare.steamstatic.com/store_item_assets/steam/apps/1841060/header.jpg?t=1640269062;;Flip It;;Flip It;;Windows;;https://store.steampowered.com/app/1841060/Tiny_Stories_Santa_Closes/;;21 Dec, 2021;;Adventure, Casual, Indie;;Unknown;;Unknown;;Unknown;;Unknown
Heim;;Belgium;;Heim is an indie puzzle adventure game inspired by Norse mythology. Delve into this story-driven adventure, solve varied, unique puzzles along the way and explore the secrets of the Nin...;;https://shared.cloudflare.steamstatic.com/store_item_assets/steam/apps/1274470/header.jpg?t=1638529144;;Tom Ryckeboer;;Tom Ryckeboer;;Windows;;https://store.steampowered.com/app/1274470/Heim/;;3 Dec, 2021;;Action, Adventure, Indie, RPG;;Unknown;;Unknown;;Unknown;;Unknown
Alisa;;Belgium;;Alisa is a Horror-themed Action Adventure game and a genuine throwback to the golden age of 90s 3D games.;;https://shared.cloudflare.steamstatic.com/store_item_assets/steam/apps/1335530/header.jpg?t=1687609136;;Casper Croes;;Casper Croes;;Windows, macOS, SteamOS + Linux;;https://store.steampowered.com/app/1335530/Alisa/;;22 Oct, 2021;;Action, Adventure, Indie;;Unknown;;Unknown;;Unknown;;Unknown
The Bart Bonte collection;;Belgium;;Flash is dead, long live the Bart Bonte collection! A collection of 28 Flash games carefully packaged and remastered for you, all accessible from a selection menu with loads of achievem...;;https://shared.cloudflare.steamstatic.com/store_item_assets/steam/apps/1574910/header.jpg?t=1697525895;;Bart Bonte;;Bart Bonte;;Windows;;https://store.steampowered.com/app/1574910/The_Bart_Bonte_collection/;;3 May, 2021;;Casual, Indie;;Unknown;;Unknown;;Unknown;;Unknown
Baby Dino Adventures;;Belgium;;Baby Dino Adventures is a cute platformer game inspired by classic retro games. You play a lost baby T-Rex, and help him find his parents back. You won't kill anyone. But rather solve p...;;https://shared.cloudflare.steamstatic.com/store_item_assets/steam/apps/1271910/header.jpg?t=1726163458;;Sleeping Panda Games;;Sleeping Panda Games;;Windows, macOS, SteamOS + Linux;;https://store.steampowered.com/app/1271910/Baby_Dino_Adventures/;;1 Jul, 2020;;Action, Adventure, Casual, Indie, Early Access;;Unknown;;Unknown;;Unknown;;Unknown
Rover Wars;;Belgium;;What if MOBAs and RTS games had a baby? Rover Wars combines resource management, farming, building and strategy into an intense tug of war. Fight in an interplanetary campaign and chall...;;https://shared.cloudflare.steamstatic.com/store_item_assets/steam/apps/1259130/header.jpg?t=1667820813;;Sakari Games;;Sakari Games;;Windows, macOS, SteamOS + Linux;;https://store.steampowered.com/app/1259130/Rover_Wars/;;17 Apr, 2020;;Action, Casual, Indie, Strategy;;Unknown;;Unknown;;Unknown;;Unknown
Mission Zigloton;;Belgium;;Help Zigloton steal an old relic on his journey to infiltrate a mysterious planet, in this challenging platformer developped and hand-animated by one person.;;https://shared.cloudflare.steamstatic.com/store_item_assets/steam/apps/1236070/header.jpg?t=1581684333;;Ben Lega;;Ben Lega;;Windows, macOS, SteamOS + Linux;;https://store.steampowered.com/app/1236070/Mission_Zigloton/;;14 Feb, 2020;;Adventure, Free To Play, Indie;;Unknown;;Unknown;;Unknown;;Unknown
BIG SHOTS;;Belgium;;Gear up, team up, and exterminate! Become the ultimate mech pilot in BIG SHOTS, the action-packed VR roguelite where you’ll battle alien hordes, earn upgrades, and forge an unstoppabl...;;https://shared.cloudflare.steamstatic.com/store_item_assets/steam/apps/2666530/header.jpg?t=1726755768;; MyDearest Inc.;;AlterEyes;;Windows;;https://store.steampowered.com/app/2666530/BIG_SHOTS/;;17 Apr, 2024;;Action, Adventure, Indie;;Unknown;;Unknown;;Unknown;;Unknown
GAZZLERS;;Belgium;;Set in a cartoon world, you shoot, block and dodge your way through hordes of hilarious enemies that drive and fly around in their clunky vehicles. Steal their scrap, upgrade your skill...;;https://shared.cloudflare.steamstatic.com/store_item_assets/steam/apps/1707620/header.jpg?t=1726409526;;Odders Lab;;Bolt Blaster Games;;Windows;;https://store.steampowered.com/app/1707620/GAZZLERS/;;14 Sep, 2023;;Action;;Unknown;;Unknown;;Unknown;;Unknown
The Tower on the Borderland;;Belgium;;A horror game inspired by Super Metroid and The House on the Borderland. Explore, survive and escape from a mysterious tower, inhabited by ghouls and monsters.;;https://shared.cloudflare.steamstatic.com/store_item_assets/steam/apps/2063180/header.jpg?t=1717611092;;DascuMaru;;DascuMaru;;Windows;;https://store.steampowered.com/app/2063180/The_Tower_on_the_Borderland/;;20 May, 2024;;Action, Adventure, Indie;;Unknown;;Unknown;;Unknown;;Unknown
Godbeast Mk.II;;Belgium;;The Wolf howls in the moonlight! Scarlet blood will glisten on the dark city streets in this stylish and atmospheric action game.;;https://shared.cloudflare.steamstatic.com/store_item_assets/steam/apps/1536890/header.jpg?t=1669222820;;DascuMaru;;DascuMaru;;Windows;;https://store.steampowered.com/app/1536890/Godbeast_MkII/;;23 Nov, 2022;;Action, Adventure, Indie;;Unknown;;Unknown;;Unknown;;Unknown
The Godbeast;;Belgium;;Welcome to the City of Eternal Night. Take revenge on the villainous Council of the Hunt and rampage on your motorcycle through the moonlit streets in this stylish action game.;;https://shared.cloudflare.steamstatic.com/store_item_assets/steam/apps/736470/header.jpg?t=1667491141;;DascuMaru;;DascuMaru;;Windows;;https://store.steampowered.com/app/736470/The_Godbeast/;;16 May, 2019;;Action, Adventure;;Unknown;;Unknown;;Unknown;;Unknown
Algo Bot;;Belgium;;Algo Bot is puzzle game that takes place deep inside the Europa, a pan-galactic colonisation ship, where a recycling mission goes horribly wrong. Use your algorithm special skills to co...;;https://shared.cloudflare.steamstatic.com/store_item_assets/steam/apps/286300/header.jpg?t=1710406576;;Plug In Digital;;Fishing Cactus;;Windows, macOS, SteamOS + Linux;;https://store.steampowered.com/app/286300/Algo_Bot/;;14 Feb, 2018;;Indie;;Unknown;;Unknown;;Unknown;;Unknown
On a Roll;;Belgium;;Experience the adrenaline of performing insane stunts, getting big airs, grinding and bombing hills with the only inline skating game available: On a Roll. It has everything sport sim f...;;https://shared.cloudflare.steamstatic.com/store_item_assets/steam/apps/377060/header.jpg?t=1666991321;;Creative Concepts;;Creative Concepts;;Windows;;https://store.steampowered.com/app/377060/On_a_Roll/;;30 Aug, 2017;;Action, Indie, Simulation, Sports, Early Access;;Unknown;;Unknown;;Unknown;;Unknown
Runes of Brennos;;Belgium;;Draw magical runes on the screen and see their power vanquish your opponents. Understand the strengths and weaknesses of the runes to unleash their full potential. The road to power is ...;;https://shared.cloudflare.steamstatic.com/store_item_assets/steam/apps/330450/header.jpg?t=1580485204;;LuGus Studios;;LuGus Studios;;Windows, macOS;;https://store.steampowered.com/app/330450/Runes_of_Brennos/;;16 Oct, 2015;;Action, Casual, Indie;;Unknown;;Unknown;;Unknown;;Unknown
Order of Battle: World War II;;Belgium;;Order of Battle: World War II is a breath of fresh air for all strategy fans. It is a game that takes wargaming to a new level by upgrading every single game element and rebooting the g...;;https://shared.cloudflare.steamstatic.com/store_item_assets/steam/apps/312450/header.jpg?t=1726822342;;Slitherine Ltd.;;The Artistocrats;;Windows;;https://store.steampowered.com/app/312450/Order_of_Battle_World_War_II/;;30 Apr, 2015;;Simulation, Strategy, Free To Play;;Unknown;;Unknown;;Unknown;;Unknown
Woolfe - The Red Hood Diaries;;Belgium;;Are you afraid of the big bad Woolfe? Step into the boots of a vengeful Red Riding Hood in this twisted-fairytale platformer. Defeat deranged fairytale bosses with your trusty axe, expl...;;https://shared.cloudflare.steamstatic.com/store_item_assets/steam/apps/281940/header.jpg?t=1579793250;;Rebellion;;GRIN;;Windows;;https://store.steampowered.com/app/281940/Woolfe__The_Red_Hood_Diaries/;;17 Mar, 2015;;Action, Adventure, Indie;;Unknown;;Unknown;;Unknown;;Unknown
Divinity: Dragon Commander;;Belgium;;You are the Dragon Commander. Your mission it is to reunite a broken empire and become the new emperor. Success depends entirely on your ability to efficiently rule your empire, build i...;;https://shared.cloudflare.steamstatic.com/store_item_assets/steam/apps/243950/header.jpg?t=1568735710;;Larian Studios;;Larian Studios;;Windows;;https://store.steampowered.com/app/243950/Divinity_Dragon_Commander/;;6 Aug, 2013;;Action, RPG, Strategy;;Unknown;;Unknown;;Unknown;;Unknown
Element4l;;Belgium;;Element4l is an immersive and experimental indie platform game, with a strong focus on flow and smooth gameplay, wrapped in an exceptional soundtrack by Mind Tree.;;https://shared.cloudflare.steamstatic.com/store_item_assets/steam/apps/235820/header.jpg?t=1667031619;;I-Illusions;;I-Illusions;;Windows, SteamOS + Linux;;https://store.steampowered.com/app/235820/Element4l/;;24 May, 2013;;Action, Indie;;Unknown;;Unknown;;Unknown;;Unknown
Beyond Divinity;;Belgium;;Beyond Divinity is the follow-up to the award-winning Divine Divinity.;;https://shared.cloudflare.steamstatic.com/store_item_assets/steam/apps/219760/header.jpg?t=1568735797;;Larian Studios;;Larian Studios;;Windows;;https://store.steampowered.com/app/219760/Beyond_Divinity/;;27 Apr, 2004;;RPG;;Unknown;;Unknown;;Unknown;;Unknown
Garfield Lasagna Party;;Belgium;;32 mini-games to discover across emblematic environments such as Garfield's house, the pizzeria, Liz’s veterinary clinic... Our friends Garfield, Odie, Arlene et Nermal have taken on ...;;https://shared.cloudflare.steamstatic.com/store_item_assets/steam/apps/2008410/header.jpg?t=1675957180;;Microids;;Balio Studio;;Windows, macOS;;https://store.steampowered.com/app/2008410/Garfield_Lasagna_Party/;;10 Nov, 2022;;Action, Adventure;;Unknown;;Unknown;;Unknown;;Unknown
Escape Game - FORT BOYARD 2022;;Belgium;;Travel back in time and try to escape the Fort!Fort Boyard awaits you with numerous challenges to take-up solo, with family or even with your friends;;https://shared.cloudflare.steamstatic.com/store_item_assets/steam/apps/1921180/header.jpg?t=1700754007;;Microids;;Balio Studio;;Windows, macOS;;https://store.steampowered.com/app/1921180/Escape_Game__FORT_BOYARD_2022/;;7 Jul, 2022;;Action, Adventure, Sports;;Unknown;;Unknown;;Unknown;;Unknown
The Sisters - Party of the Year;;Belgium;;Let’s get into mischief! Join Maureen, Wendy and all their friends in this new video game adventure! Challenge your friends in crazy mini-games and explore the Sisters' city.;;https://shared.cloudflare.steamstatic.com/store_item_assets/steam/apps/1502540/header.jpg?t=1632477074;;Microids;;Balio Studio;;Windows, macOS;;https://store.steampowered.com/app/1502540/The_Sisters__Party_of_the_Year/;;21 Jun, 2021;;Adventure, Casual;;Unknown;;Unknown;;Unknown;;Unknown
Who Wants To Be A Millionaire;;Belgium;;Put your general knowledge to the test in « Who wants to be a millionaire? », the official game!;;https://shared.cloudflare.steamstatic.com/store_item_assets/steam/apps/1356240/header.jpg?t=1726577043;;Microids;;Appeal Studios, Balio Studio;;Windows, macOS;;https://store.steampowered.com/app/1356240/Who_Wants_To_Be_A_Millionaire/;;29 Oct, 2020;;Casual;;Unknown;;Unknown;;Unknown;;Unknown
The Bluecoats: North & South;;Belgium;;Reunite with Sergeant Cornelius M. Chesterfield and Corporal Blutch in this remastered game that combines turn-based strategy and real-time action. This new version will delight fans of...;;https://shared.cloudflare.steamstatic.com/store_item_assets/steam/apps/963220/header.jpg?t=1604680384;;Microids;;Appeal Studios;;Windows, macOS;;https://store.steampowered.com/app/963220/The_Bluecoats_North__South/;;5 Nov, 2020;;Action, Strategy;;Unknown;;Unknown;;Unknown;;Unknown
Escape Game Fort Boyard;;Belgium;;Beat all the trials to escape the Fort with the treasure!;;https://shared.cloudflare.steamstatic.com/store_item_assets/steam/apps/1303140/header.jpg?t=1624885543;;Microids;;Appeal Studio;;Windows, macOS;;https://store.steampowered.com/app/1303140/Escape_Game_Fort_Boyard/;;25 Jun, 2020;;Action, Sports;;Unknown;;Unknown;;Unknown;;Unknown
Cannibal Cuisine;;Belgium;;The god Hoochooboo is hungry… for you. But serving is better than being served in this co-op cook 'em up! Chop up vegetables, fruits and tourists and serve your divine delicacies in a...;;https://shared.cloudflare.steamstatic.com/store_item_assets/steam/apps/1136020/header.jpg?t=1720932460;;Rocket Vulture;;Rocket Vulture;;Windows;;https://store.steampowered.com/app/1136020/Cannibal_Cuisine/;;20 May, 2020;;Action, Adventure, Casual, Indie, Simulation;;Unknown;;Unknown;;Unknown;;Unknown
Fort Boyard;;Belgium;;Enter Fort Boyard and take up the challenge with more than 10 activities that combine Action and Party Games! Endurance, dexterity, and perseverance will be your best assets for collect...;;https://shared.cloudflare.steamstatic.com/store_item_assets/steam/apps/1058330/header.jpg?t=1568896654;;Microids;;Appeal Studio;;Windows, macOS;;https://store.steampowered.com/app/1058330/Fort_Boyard/;;27 Jun, 2019;;Action, Sports;;Unknown;;Unknown;;Unknown;;Unknown
Faeria;;Belgium;;With its unique living board, Faeria is also the only card game where you can gain all 300 cards in less than 50 hours.;;https://shared.cloudflare.steamstatic.com/store_item_assets/steam/apps/397060/header.jpg?t=1698306570;;Versus Evil;;Abrakam Entertainment SA;;Windows, macOS, SteamOS + Linux;;https://store.steampowered.com/app/397060/Faeria/;;8 Mar, 2017;;Adventure, Indie, Massively Multiplayer, RPG, Strategy;;Unknown;;Unknown;;Unknown;;Unknown
Quatros Noir;;Belgium;;Quatros Noir is a fast-paced, fallen blocks, action puzzle game. Stack your blocks in more than one dimension and clear lines along the way. Master the campaign, +20 single modes, local...;;https://shared.cloudflare.steamstatic.com/store_item_assets/steam/apps/2086760/header.jpg?t=1721032302;;Abthoclo;;Abthoclo;;Windows;;https://store.steampowered.com/app/2086760/Quatros_Noir/;;Q1 2025;;Casual, Indie;;Unknown;;Unknown;;Unknown;;Unknown
Quatros Origins;;Belgium;;Quatros Origins is a block puzzle game that tries to reconnect with the good old days where classic arcade games were easy to play, but hard to master!;;https://shared.cloudflare.steamstatic.com/store_item_assets/steam/apps/421870/header.jpg?t=1669041637;;God As A Cucumber;;Stijn Van Coillie, Tracy Baeckelandt;;Windows;;https://store.steampowered.com/app/421870/Quatros_Origins/;;29 Jul, 2016;;Casual, Indie;;Unknown;;Unknown;;Unknown;;Unknown
Bombslinger;;Belgium;;A Bomberman-inspired Wild West action game with bombs! A solo hardcore reinvention of the iconic explosive action!;;https://shared.cloudflare.steamstatic.com/store_item_assets/steam/apps/475960/header.jpg?t=1592924441;;Plug In Digital;;Mode4;;Windows;;https://store.steampowered.com/app/475960/Bombslinger/;;11 Apr, 2018;;Action, Adventure, Indie;;Unknown;;Unknown;;Unknown;;Unknown
Bounty of One;;Belgium;;Fallen hero of the Wild West, you’re wanted and in disgrace! Grab your guns, survive endless hordes of bounty hunters and fight to clear your name! Bounty of One is a fast-paced casua...;;https://shared.cloudflare.steamstatic.com/store_item_assets/steam/apps/1968730/header.jpg?t=1726939738;;OptizOnion;;OptizOnion;;Windows, macOS, SteamOS + Linux;;https://store.steampowered.com/app/1968730/Bounty_of_One/;;8 Sep, 2023;;Action, Casual, Indie, RPG;;Unknown;;Unknown;;Unknown;;Unknown
Judgeball: Lethal Arena - Early Access;;Belgium;;Let your skills or you muscles do the talking, it's your call. Judgeball: Lethal Arena is a fast-paced competitive 3V3 handbrawl game. Choose between multiple Scavengers with their uniq...;;https://shared.cloudflare.steamstatic.com/store_item_assets/steam/apps/1876950/header.jpg?t=1705328674;;Wild Bishop;;Wild Bishop;;Windows;;https://store.steampowered.com/app/1876950/Judgeball_Lethal_Arena__Early_Access/;;5 Dec, 2023;;Action, Casual, Indie, Sports, Early Access;;Unknown;;Unknown;;Unknown;;Unknown
Still Heroes;;Belgium;;A digital comic about the story of Emeline. She tries to live her dream of being a superheroine after her friends decided to change their career paths. A gentle and moving story, drawn ...;;https://shared.cloudflare.steamstatic.com/store_item_assets/steam/apps/1962540/header.jpg?t=1722526806;;exaheva, Plug In Digital;;exaheva;;Windows, macOS, SteamOS + Linux;;https://store.steampowered.com/app/1962540/Still_Heroes/;;22 Apr, 2022;;Indie;;Unknown;;Unknown;;Unknown;;Unknown
Asfalia: Fear;;Belgium;;Adventure awaits you in this colorful, family-friendly point-and-click delight! Navigate through a world painted with emotions, where even 'fear' becomes a playful friend. Solve puzzles...;;https://shared.cloudflare.steamstatic.com/store_item_assets/steam/apps/2436410/header.jpg?t=1730623259;;Funtomata;;Funtomata;;Windows, macOS;;https://store.steampowered.com/app/2436410/Asfalia_Fear/;;To be announced;;Adventure, Indie;;Unknown;;Unknown;;Unknown;;Unknown
Asfalia: Anger;;Belgium;;A beautifully hand drawn point & click children tale about emotions. Help Charlie explore Asfalia, the mysterious world of emotions. Meet lovable quirky characters and help them with th...;;https://shared.cloudflare.steamstatic.com/store_item_assets/steam/apps/1675040/header.jpg?t=1703147495;;Funtomata;;Funtomata;;Windows, macOS;;https://store.steampowered.com/app/1675040/Asfalia_Anger/;;23 Jan, 2023;;Adventure, Casual, Indie;;Unknown;;Unknown;;Unknown;;Unknown
Dungeon Alchemist;;Belgium;;Dungeon Alchemist is mapmaking software for tabletop RPG's that enables you to make amazing, high-quality maps in seconds!;;https://shared.cloudflare.steamstatic.com/store_item_assets/steam/apps/1588530/header.jpg?t=1727773632;;Briganti;;Briganti;;Windows, macOS, SteamOS + Linux;;https://store.steampowered.com/app/1588530/Dungeon_Alchemist/;;31 Mar, 2022;;RPG, Early Access;;Unknown;;Unknown;;Unknown;;Unknown
SPOOKWARE: Watch Party;;Belgium;;A collection of spooky microgames featuring fast-paced gameplay inspired by horror classics. Chop off legs, hurl hatchets, clash cards with Nosferatu, and many other ghoulish acts of te...;;https://shared.cloudflare.steamstatic.com/store_item_assets/steam/apps/1786640/header.jpg?t=1727799896;;DreadXP;;BEESWAX GAMES;;Windows;;https://store.steampowered.com/app/1786640/SPOOKWARE_Watch_Party/;;16 Nov, 2021;;Action, Adventure, Indie, RPG, Free To Play;;Unknown;;Unknown;;Unknown;;Unknown
SPOOKWARE;;Belgium;;Play through loads of hand-crafted fast-paced microgames based on horror tropes, explore the world of the afterlife and help the skelebros live their death to the fullest.;;https://shared.cloudflare.steamstatic.com/store_item_assets/steam/apps/1574250/header.jpg?t=1730135307;;DreadXP;;BEESWAX GAMES;;Windows;;https://store.steampowered.com/app/1574250/SPOOKWARE/;;26 Aug, 2021;;Action, Adventure, Indie, RPG;;Unknown;;Unknown;;Unknown;;Unknown
Blazing Sails;;Belgium;;Fight for survival in Blazing Sails, a fast-paced pirate PvP game! Create your own unique pirate and ship. Band together with other players to command your mighty vessel! Explore differ...;;https://shared.cloudflare.steamstatic.com/store_item_assets/steam/apps/1158940/header.jpg?t=1728477539;;Iceberg Interactive;;Get Up Games, Iceberg Interactive;;Windows;;https://store.steampowered.com/app/1158940/Blazing_Sails/;;13 Nov, 2023;;Action, Adventure, Casual, Indie;;Unknown;;Unknown;;Unknown;;Unknown
Lancelot's Hangover: The Quest for the Holy Booze;;Belgium;;Monkey Island meets Monty Python's Holy Grail in a comedy point&click game with an attitude! God gives you a quest: go find the Holy Grail, put some booze in it and celebrate the bigges...;;https://shared.cloudflare.steamstatic.com/store_item_assets/steam/apps/917380/header.jpg?t=1668086030;;Jean-Baptiste de Clerfayt;;Jean-Baptiste de Clerfayt;;Windows;;https://store.steampowered.com/app/917380/Lancelots_Hangover_The_Quest_for_the_Holy_Booze/;;1 Oct, 2020;;Adventure, Indie;;Unknown;;Unknown;;Unknown;;Unknown
Rolling Hamster;;Belgium;;Get ready for a revolution in party gaming : Rolling Hamster's, the worlds very first racing game that uses only one button. Race with up to four friends on a single screen. No extra co...;;https://shared.cloudflare.steamstatic.com/store_item_assets/steam/apps/1352340/header.jpg?t=1698248511;;Flip It;;Flip It;;Windows;;https://store.steampowered.com/app/1352340/Rolling_Hamster/;;24 Mar, 2021;;Casual, Indie, Racing;;Unknown;;Unknown;;Unknown;;Unknown
Marie's Room;;Belgium;;Marie's Room is a short story exploration game about an unconventional friendship between two classmates. You play as Kelsey, remembering Marie's room as it was twenty years ago. But so...;;https://shared.cloudflare.steamstatic.com/store_item_assets/steam/apps/648390/header.jpg?t=1652529740;;like Charlie;;like Charlie;;Windows;;https://store.steampowered.com/app/648390/Maries_Room/;;13 Apr, 2018;;Adventure, Casual, Free To Play, Indie;;Unknown;;Unknown;;Unknown;;Unknown
Ghost on the Shore;;Belgium;;An exploration game about emotional ties that transcend even death. Riley is faced with a headstrong ghost, urging her on an adventure across atmospheric shores, uncovering the island's...;;https://shared.cloudflare.steamstatic.com/store_item_assets/steam/apps/1211930/header.jpg?t=1706652125;;Application Systems Heidelberg;;like Charlie;;Windows, macOS;;https://store.steampowered.com/app/1211930/Ghost_on_the_Shore/;;24 Feb, 2022;;Adventure;;Unknown;;Unknown;;Unknown;;Unknown
ARISEN - Chronicles of Var'Nagal;;Belgium;;ARISEN is a narrative card game where you use your emotions to create your own story in a dark fantasy universe.;;https://shared.cloudflare.steamstatic.com/store_item_assets/steam/apps/1101670/header.jpg?t=1693387270;;Maratus, Homecoming Studio;;Maratus, Homecoming Studio;;Windows;;https://store.steampowered.com/app/1101670/ARISEN__Chronicles_of_VarNagal/;;21 Sep, 2021;;Adventure, Casual, Indie, RPG, Early Access;;Unknown;;Unknown;;Unknown;;Unknown
Outcast - A New Beginning;;Belgium;;Explore the breathtaking alien world of Adelpha, support the local Talans in their struggles and fight your way through fast-paced battles against invading robot forces in this 3rd-pers...;;https://shared.cloudflare.steamstatic.com/store_item_assets/steam/apps/1013140/header.jpg?t=1713275707;;THQ Nordic;;Appeal Studios;;Windows;;https://store.steampowered.com/app/1013140/Outcast__A_New_Beginning/;;15 Mar, 2024;;Action;;Unknown;;Unknown;;Unknown;;Unknown
Outcast - Second Contact;;Belgium;;Outcast – Second Contact is the complete remake of the cult title which sparked the open world, action-adventure genre. Take off on an exploration of Adelpha, an alien world as beauti...;;https://shared.cloudflare.steamstatic.com/store_item_assets/steam/apps/618970/header.jpg?t=1725290976;;Nacon;;Appeal Studios;;Windows;;https://store.steampowered.com/app/618970/Outcast__Second_Contact/;;14 Nov, 2017;;Action, Adventure;;Unknown;;Unknown;;Unknown;;Unknown
Roguebook;;Belgium;;Embrace the challenge of a roguelike deckbuilder with unique mechanics from the developers of Faeria and Richard Garfield, creator of Magic: The Gathering™. Build a team of two heroes...;;https://shared.cloudflare.steamstatic.com/store_item_assets/steam/apps/1076200/header.jpg?t=1725350152;;Nacon;;Abrakam Entertainment SA;;Windows, macOS, SteamOS + Linux;;https://store.steampowered.com/app/1076200/Roguebook/;;17 Jun, 2021;;Adventure, Indie, RPG, Strategy;;Unknown;;Unknown;;Unknown;;Unknown
Painting VR;;Belgium;;Take a break from the stress of daily life with this must-have virtual painter’s studio. Even if you think you’re not a creative person, Painting VR might prove you wrong. Be amazed...;;https://shared.cloudflare.steamstatic.com/store_item_assets/steam/apps/1905940/header.jpg?t=1713876110;;Oisoi Studio;;Oisoi;;Windows;;https://store.steampowered.com/app/1905940/Painting_VR/;;14 Apr, 2022;;Casual, Indie, Simulation;;Unknown;;Unknown;;Unknown;;Unknown
Hyper Dash;;Belgium;;Hyper Dash is a VR multiplayer team based shooter.;;https://shared.cloudflare.steamstatic.com/store_item_assets/steam/apps/1386890/header.jpg?t=1671790364;;Triangle Factory;;Triangle Factory;;Windows;;https://store.steampowered.com/app/1386890/Hyper_Dash/;;25 Feb, 2021;;Action;;Unknown;;Unknown;;Unknown;;Unknown
Midnight Protocol;;Belgium;;Midnight Protocol is a tactical narrative-driven RPG with unique keyboard-only controls. Hack into servers, beat security systems and discover encrypted secrets while you try to find an...;;https://shared.cloudflare.steamstatic.com/store_item_assets/steam/apps/1162700/header.jpg?t=1725032292;;Iceberg Interactive;;LuGus Studios;;Windows, macOS, SteamOS + Linux;;https://store.steampowered.com/app/1162700/Midnight_Protocol/;;13 Oct, 2021;;Action, Adventure, Indie, RPG, Strategy;;Unknown;;Unknown;;Unknown;;Unknown
Koira;;Belgium;;Save a puppy and embark on a heartwarming, hand-drawn adventure together. Journey to the heart of an enchanted forest, solving puzzles and avoiding hunters to protect your newfound frie...;;https://shared.cloudflare.steamstatic.com/store_item_assets/steam/apps/1626620/header.jpg?t=1728639971;;DON'T NOD;;Studio Tolima;;Windows;;https://store.steampowered.com/app/1626620/Koira/;;17 Apr, 2025;;Adventure, Casual, Indie;;Unknown;;Unknown;;Unknown;;Unknown
Sizeable;;Belgium;;Sizeable is a relaxing and peacefull puzzle/exploration game! Shrink and grow your way through small dioramas in search of hidden objects!;;https://shared.cloudflare.steamstatic.com/store_item_assets/steam/apps/1333910/header.jpg?t=1723640962;;Business Goose Studios;;Business Goose Studios;;Windows;;https://store.steampowered.com/app/1333910/Sizeable/;;19 Mar, 2021;;Casual, Indie;;Unknown;;Unknown;;Unknown;;Unknown
30 Birds;;Belgium;;Lantern City is on the verge of disaster: the Goddess Simurgh has been kidnapped by the evil Scientist! 30 Birds is a narrative puzzle game laid out on the surface of rotating lanterns....;;https://shared.cloudflare.steamstatic.com/store_item_assets/steam/apps/1708770/header.jpg?t=1729587335;;ARTE France;;RAM RAM Games, Business Goose Studios;;Windows;;https://store.steampowered.com/app/1708770/30_Birds/;;28 Nov, 2024;;Adventure, Indie;;Unknown;;Unknown;;Unknown;;Unknown
PhilGood;;Belgium;;PhilGood is not ON a wire ... but stucked IN the line ! - It’s a game of adventure with puzzles and a strong script. Original and mysterious messages, decoding and a unreleased soundt...;;https://shared.cloudflare.steamstatic.com/store_item_assets/steam/apps/1082620/header.jpg?t=1667312356;;Bodgamestudio;;Phil Bod;;Windows;;https://store.steampowered.com/app/1082620/PhilGood/;;5 Aug, 2019;;Indie, Early Access;;Unknown;;Unknown;;Unknown;;Unknown
Brukel;;Belgium;;A first-person exploration game based on the actual memories of a 92-year-old grandmother, told to players in her own voice. Take pictures of what remains of her abandoned childhood hom...;;https://shared.cloudflare.steamstatic.com/store_item_assets/steam/apps/1073900/header.jpg?t=1667220983;;Lifelong Games;;Bob De Schutter;;Windows;;https://store.steampowered.com/app/1073900/Brukel/;;3 Nov, 2019;;Indie;;Unknown;;Unknown;;Unknown;;Unknown
No Players Online;;Belgium;;you find an abandoned fps game on an old computer. you decide to play it.;;https://shared.cloudflare.steamstatic.com/store_item_assets/steam/apps/2701800/header.jpg?t=1730386011;;Beeswax Games;;Beeswax Games;;Windows;;https://store.steampowered.com/app/2701800/No_Players_Online/;;To be announced;;Action, Adventure, Indie, Simulation;;Unknown;;Unknown;;Unknown;;Unknown
Panoptic;;Belgium;;Panoptic is a local multiplayer VR game that pits you against a friend, where you play as either the giant Overseer or tiny Challenger in a stealthy game of cat and mouse. Will the Chal...;;https://shared.cloudflare.steamstatic.com/store_item_assets/steam/apps/541930/header.jpg?t=1613494458;;Team Panoptes;;Team Panoptes;;Windows;;https://store.steampowered.com/app/541930/Panoptic/;;8 Oct, 2020;;Action, Indie;;Unknown;;Unknown;;Unknown;;Unknown
Please, Touch The Artwork 2;;Belgium;;A handpainted cozy hidden object adventure. Explore a surreal world. Collect items for its quirky inhabitants. Fix damaged paintings and solve casual puzzles. Help a lost skeleton paint...;;https://shared.cloudflare.steamstatic.com/store_item_assets/steam/apps/2600140/header.jpg?t=1728830920;;Thomas Waterzooi;;Thomas Waterzooi;;Windows, macOS, SteamOS + Linux;;https://store.steampowered.com/app/2600140/Please_Touch_The_Artwork_2/;;19 Feb, 2024;;Adventure, Casual, Indie;;Unknown;;Unknown;;Unknown;;Unknown
Please, Touch The Artwork;;Belgium;;A cozy puzzler with story. Recreate paintings by applying lines & colors in a specific order. Explore beautiful mazes & collect letters of a poem. Help two sweethearts find a path towar...;;https://shared.cloudflare.steamstatic.com/store_item_assets/steam/apps/1097100/header.jpg?t=1728830787;;Thomas Waterzooi;;Thomas Waterzooi;;Windows, macOS, SteamOS + Linux;;https://store.steampowered.com/app/1097100/Please_Touch_The_Artwork/;;26 Jan, 2022;;Casual, Indie;;Unknown;;Unknown;;Unknown;;Unknown
Warhammer 40,000: Shootas, Blood & Teef;;Belgium;;From the developers of the Guns, Gore and Cannoli franchise comes a new 2D run & gun platformer: Warhammer 40,000: Shootas, Blood & TEEF! Spearhead an Ork invasion, destroy the hive cit...;;https://shared.cloudflare.steamstatic.com/store_item_assets/steam/apps/1324530/header.jpg?t=1728049392;;Rogueside;;Rogueside;;Windows, macOS;;https://store.steampowered.com/app/1324530/Warhammer_40000_Shootas_Blood__Teef/;;20 Oct, 2022;;Action, Adventure;;Unknown;;Unknown;;Unknown;;Unknown
Guns, Gore and Cannoli 2;;Belgium;;Guns, Gore & Cannoli 2 revives the good, old, action platform run & gun genre, but this time with a bunch of humor and buckets of blown off body parts. In this sequel to Guns, Gore & Ca...;;https://shared.cloudflare.steamstatic.com/store_item_assets/steam/apps/525510/header.jpg?t=1725611565;;Rogueside;;Rogueside, Claeysbrothers;;Windows, macOS;;https://store.steampowered.com/app/525510/Guns_Gore_and_Cannoli_2/;;2 Mar, 2018;;Action, Adventure;;Unknown;;Unknown;;Unknown;;Unknown
Guns, Gore & Cannoli;;Belgium;;Guns, Gore & Cannoli - An over-the-top, comical and fast-paced action game with hand-drawn graphics set in the Roaring Twenties. An all-you-can-shoot fest where you embody Vinnie, a mob...;;https://shared.cloudflare.steamstatic.com/store_item_assets/steam/apps/322210/header.jpg?t=1725611521;;Rogueside;;Rogueside, Claeysbrothers;;Windows, macOS;;https://store.steampowered.com/app/322210/Guns_Gore__Cannoli/;;30 Apr, 2015;;Action, Indie;;Unknown;;Unknown;;Unknown;;Unknown
Black Legend;;Belgium;;A dark, immersive Turn Based Strategy RPG. Master tactical combat and the art of 17th century alchemy to liberate a doomed city from a bloodthirsty cult inspired by the great alchemist ...;;https://shared.cloudflare.steamstatic.com/store_item_assets/steam/apps/1094730/header.jpg?t=1630053453;;Warcave;;Warcave;;Windows;;https://store.steampowered.com/app/1094730/Black_Legend/;;25 Mar, 2021;;RPG, Strategy;;Unknown;;Unknown;;Unknown;;Unknown
Hidden Through Time 2: Discovery;;Belgium;;Hidden Through Time 2: Discovery is a cozy hidden object game that has you searching for hidden objects in hand-drawn, interactive landscapes. Ignite your imagination, unleash your inne...;;https://shared.cloudflare.steamstatic.com/store_item_assets/steam/apps/1094680/header.jpg?t=1725609277;;Rogueside;;Rogueside;;Windows, macOS;;https://store.steampowered.com/app/1094680/Hidden_Through_Time_2_Discovery/;;13 Aug, 2024;;Casual, Indie;;Unknown;;Unknown;;Unknown;;Unknown
Hidden Through Time 2: Myths & Magic;;Belgium;;Join Clicky on a new, enchanted adventure in Hidden Through Time 2: Myths & Magic! Search for hidden objects scattered around hand-drawn worlds, and unlock more as you go. With both a s...;;https://shared.cloudflare.steamstatic.com/store_item_assets/steam/apps/2304640/header.jpg?t=1725609229;;Rogueside;;Rogueside;;Windows, macOS;;https://store.steampowered.com/app/2304640/Hidden_Through_Time_2_Myths__Magic/;;5 Oct, 2023;;Casual;;Unknown;;Unknown;;Unknown;;Unknown
Shift Quantum - A Cyber Noir Puzzle Platformer;;Belgium;;Shift Quantum is a brain-busting platformer using a unique mechanic called SHIFTING, a way to twist your environment and invert space around you. Bend your mind to reach the exit of eac...;;https://shared.cloudflare.steamstatic.com/store_item_assets/steam/apps/700520/header.jpg?t=1667388557;;Fishing Cactus;;Fishing Cactus;;Windows;;https://store.steampowered.com/app/700520/Shift_Quantum__A_Cyber_Noir_Puzzle_Platformer/;;30 May, 2018;;Action, Adventure, Indie;;Unknown;;Unknown;;Unknown;;Unknown
Hidden Through Time;;Belgium;;Embark on a colourful hand drawn journey of discovery through the ages! From missing dinosaur eggs in the stone age, to a king's crown in medieval times, can you find them all? Discover...;;https://shared.cloudflare.steamstatic.com/store_item_assets/steam/apps/524910/header.jpg?t=1725609018;;Rogueside;;Rogueside;;Windows, macOS;;https://store.steampowered.com/app/524910/Hidden_Through_Time/;;12 Mar, 2020;;Casual;;Unknown;;Unknown;;Unknown;;Unknown
Epistory - Typing Chronicles;;Belgium;;Epistory immerses you in an atmospheric action/adventure game where you play a girl riding a giant fox who fights an insectile corruption from an origami world. As you progress and expl...;;https://shared.cloudflare.steamstatic.com/store_item_assets/steam/apps/398850/header.jpg?t=1720186491;;Fishing Cactus, PID Games;;Fishing Cactus;;Windows, macOS, SteamOS + Linux;;https://store.steampowered.com/app/398850/Epistory__Typing_Chronicles/;;30 Mar, 2016;;Action, Adventure, Indie;;Unknown;;Unknown;;Unknown;;Unknown
Nanotale - Typing Chronicles;;Belgium;;Something is wrong with the heart of magic. Play a young archivist venturing out into a dying world, cataloging its mysteries and its wonders to unearth the truth. Nanotale is the new a...;;https://shared.cloudflare.steamstatic.com/store_item_assets/steam/apps/944920/header.jpg?t=1646316362;;Fishing Cactus, PID Games, 2PGames;;Fishing Cactus;;Windows, macOS, SteamOS + Linux;;https://store.steampowered.com/app/944920/Nanotale__Typing_Chronicles/;;31 Mar, 2021;;Adventure, RPG;;Unknown;;Unknown;;Unknown;;Unknown
Short Circuit VR;;Belgium;;Short Circuit VR is an electronics lab simulator in Virtual Reality. You can build your own electronic circuits with the components provided, learn basic electronics by completing chall...;;https://shared.cloudflare.steamstatic.com/store_item_assets/steam/apps/970800/header.jpg?t=1584006769;;N/A;;Stefan Bauwens, Cindy Ho;;Windows;;https://store.steampowered.com/app/970800/Short_Circuit_VR/;;19 Nov, 2018;;Indie, Simulation, Early Access;;Unknown;;Unknown;;Unknown;;Unknown
Divine Commander;;Belgium;;Divine Commander is an Action-RTS designed specifically for the controller. Play as a powerful Greek god to dominate the battlefield. Build your base, command your army, and lead them t...;;https://shared.cloudflare.steamstatic.com/store_item_assets/steam/apps/957060/header.jpg?t=1601197899;;Salty Lemon Entertainment;;Salty Lemon Entertainment;;Windows;;https://store.steampowered.com/app/957060/Divine_Commander/;;To be announced;;Action, Indie, Strategy;;Unknown;;Unknown;;Unknown;;Unknown
Shredders;;Belgium;;Break into the snowboarding event of the year in the hope of scoring a wildcard entry to an exclusive invitational. To prove you’re up to the challenge, master the art of park riding,...;;https://shared.cloudflare.steamstatic.com/store_item_assets/steam/apps/1874170/header.jpg?t=1723803262;;FoamPunch;;FoamPunch;;Windows;;https://store.steampowered.com/app/1874170/Shredders/;;16 Mar, 2022;;Action, Simulation, Sports;;Unknown;;Unknown;;Unknown;;Unknown
Antigraviator;;Belgium;;Antigraviator is a sleek new take on the anti-gravity racing genre. Use traps, power-ups and boosts to overtake your opponents and dominate the track in single player or multiplayer mod...;;https://shared.cloudflare.steamstatic.com/store_item_assets/steam/apps/621020/header.jpg?t=1728468674;;Iceberg Interactive;;Cybernetic Walrus;;Windows;;https://store.steampowered.com/app/621020/Antigraviator/;;6 Jun, 2018;;Action, Indie, Racing, Sports;;Unknown;;Unknown;;Unknown;;Unknown
Ary and the Secret of Seasons;;Belgium;;Take control of the seasons and use them to solve puzzles, defeat enemies, and discover the beautiful world of Valdi in this award-winning indie adventure.;;https://shared.cloudflare.steamstatic.com/store_item_assets/steam/apps/935570/header.jpg?t=1725490715;;Maximum Entertainment;;eXiin, Fishing Cactus;;Windows;;https://store.steampowered.com/app/935570/Ary_and_the_Secret_of_Seasons/;;1 Sep, 2020;;Action, Adventure, Indie, RPG;;Unknown;;Unknown;;Unknown;;Unknown
The Almost Gone;;Belgium;;Experience the intricate dioramas and connections of your life, and the ripples we all make, in this award-winning narrative puzzle game about death, loss, and mental health.;;https://shared.cloudflare.steamstatic.com/store_item_assets/steam/apps/1115780/header.jpg?t=1726147031;;Playdigious Originals, XD;;Happy Volcano;;Windows, macOS;;https://store.steampowered.com/app/1115780/The_Almost_Gone/;;25 Jun, 2020;;Adventure, Indie;;Unknown;;Unknown;;Unknown;;Unknown
Healer's Quest;;Belgium;;Healer’s Quest is a comedy RPG where you play as the most underappreciated party member in any fantasy realm: the Healer. As per usual, your teammates are a band of inept jerks.;;https://shared.cloudflare.steamstatic.com/store_item_assets/steam/apps/598490/header.jpg?t=1721202209;;Rablo Games;;Rablo Games;;Windows;;https://store.steampowered.com/app/598490/Healers_Quest/;;18 Apr, 2018;;Indie, RPG;;Unknown;;Unknown;;Unknown;;Unknown
Liftoff®: Micro Drones;;Belgium;;Explore the world of FPV like never before! In Liftoff®: Micro Drones any indoor area becomes an exciting aerial playground. Explore, customize and compete in this simulator dedicated ...;;https://shared.cloudflare.steamstatic.com/store_item_assets/steam/apps/1432320/header.jpg?t=1726815900;;LuGus Studios;;LuGus Studios;;Windows, macOS, SteamOS + Linux;;https://store.steampowered.com/app/1432320/Liftoff_Micro_Drones/;;30 Nov, 2021;;Action, Racing, Simulation, Sports, Early Access;;Unknown;;Unknown;;Unknown;;Unknown
Liftoff®: FPV Drone Racing;;Belgium;;Liftoff® is a drone simulator that translates the rush of first-person view drone flight to the digital world. Join the biggest community for virtual FPV racing and freestyle!;;https://shared.cloudflare.steamstatic.com/store_item_assets/steam/apps/410340/header.jpg?t=1727098215;;LuGus Studios;;LuGus Studios;;Windows, macOS, SteamOS + Linux;;https://store.steampowered.com/app/410340/Liftoff_FPV_Drone_Racing/;;13 Sep, 2018;;Indie, Racing, Simulation, Sports;;Unknown;;Unknown;;Unknown;;Unknown
Cubism;;Belgium;;Challenge your mind in Cubism, a deceptively simple VR puzzle game where you assemble increasingly complex shapes out of colorful blocks.;;https://shared.cloudflare.steamstatic.com/store_item_assets/steam/apps/804530/header.jpg?t=1636713090;;Vanbo LLC;;Thomas Van Bouwel;;Windows;;https://store.steampowered.com/app/804530/Cubism/;;17 Sep, 2020;;Casual, Indie;;Unknown;;Unknown;;Unknown;;Unknown
Deisim;;Belgium;;Live the experience of being a powerful god and create the world to see the growth of mankind.;;https://shared.cloudflare.steamstatic.com/store_item_assets/steam/apps/525680/header.jpg?t=1726251365;;Myron Games;;Myron Games;;Windows;;https://store.steampowered.com/app/525680/Deisim/;;1 Sep, 2022;;Casual, Indie, Simulation, Strategy;;Unknown;;Unknown;;Unknown;;Unknown
Space Pirate Trainer;;Belgium;;Space Pirate Trainer is the official trainer for wannabe space pirates in VR. Pick up your blasters, put on your sneakers, and dance your way into the Space Pirate Trainer hall of fame.;;https://shared.cloudflare.steamstatic.com/store_item_assets/steam/apps/418650/header.jpg?t=1667031863;;I-Illusions;;I-Illusions;;Windows;;https://store.steampowered.com/app/418650/Space_Pirate_Trainer/;;12 Oct, 2017;;Action;;Unknown;;Unknown;;Unknown;;Unknown
Hubris;;Belgium;;Hubris is a VR action-adventure game set in a unique and colourful Sci-Fi universe, with immersive movement options, including swimming, climbing, and jumping. Players will have to gath...;;https://shared.cloudflare.steamstatic.com/store_item_assets/steam/apps/1265800/header.jpg?t=1708101058;;Cyborn B.V.;;Cyborn B.V.;;Windows;;https://store.steampowered.com/app/1265800/Hubris/;;7 Dec, 2022;;Action, Adventure;;Unknown;;Unknown;;Unknown;;Unknown
You Suck at Parking® - Complete Edition;;Belgium;;You Suck at Parking® is the only racing game where your goal is to stop and parking your ride is more important than your driving skills. It’s a hot race against the clock as you dri...;;https://shared.cloudflare.steamstatic.com/store_item_assets/steam/apps/837880/header.jpg?t=1728987835;;Curve Games;;Happy Volcano;;Windows;;https://store.steampowered.com/app/837880/You_Suck_at_Parking__Complete_Edition/;;14 Sep, 2022;;Action, Indie, Racing, Sports;;Unknown;;Unknown;;Unknown;;Unknown
Divinity: Original Sin 2 - Definitive Edition;;Belgium;;The critically acclaimed RPG that raised the bar, from the creators of Baldur's Gate 3. Gather your party. Master deep, tactical combat. Venture as a party of up to four - but know that...;;https://shared.cloudflare.steamstatic.com/store_item_assets/steam/apps/435150/header.jpg?t=1725653917;;Larian Studios;;Larian Studios;;Windows, macOS;;https://store.steampowered.com/app/435150/Divinity_Original_Sin_2__Definitive_Edition/;;14 Sep, 2017;;Adventure, RPG, Strategy;;Unknown;;Unknown;;Unknown;;Unknown
Divinity: Original Sin - Enhanced Edition;;Belgium;;Gather your party and get ready for the kick-ass new version of GameSpot's PC Game of the Year 2014. With hours of new content, new game modes, full voiceovers, split-screen multiplayer...;;https://shared.cloudflare.steamstatic.com/store_item_assets/steam/apps/373420/header.jpg?t=1725654082;;Larian Studios;;Larian Studios;;Windows, macOS, SteamOS + Linux;;https://store.steampowered.com/app/373420/Divinity_Original_Sin__Enhanced_Edition/;;27 Oct, 2015;;Adventure, Indie, RPG, Strategy;;Unknown;;Unknown;;Unknown;;Unknown
Hoverloop;;Belgium;;Hoverloop is a multiplayer arena shooter that features customizable hover drones in high-speed combat. Players take their mechanized gladiators into a battle for glory across a multitud...;;https://shared.cloudflare.steamstatic.com/store_item_assets/steam/apps/613620/header.jpg?t=1573555315;;Cronos Interactive;;Not A Company;;Windows;;https://store.steampowered.com/app/613620/Hoverloop/;;29 Jan, 2018;;Action, Indie, Early Access;;Unknown;;Unknown;;Unknown;;Unknown
Journey For Elysium;;Belgium;;Journey for Elysium is a story-driven VR game that will immerse you in a fictional setting inspired by Ancient Mythology. Use your wit & skills to overcome a series of increasingly elab...;;https://shared.cloudflare.steamstatic.com/store_item_assets/steam/apps/1036260/header.jpg?t=1667392970;;Cronos Interactive;;Mantis;;Windows;;https://store.steampowered.com/app/1036260/Journey_For_Elysium/;;31 Oct, 2019;;Adventure, Casual, Indie, Simulation;;Unknown;;Unknown;;Unknown;;Unknown
Trifox;;Belgium;;Trifox is a colourful and cartoonish twin stick action-adventure featuring a phenomenal fox with a multitude of talents! Choose from a trio of classes – Warrior, Mage, Engineer – or...;;https://shared.cloudflare.steamstatic.com/store_item_assets/steam/apps/1211240/header.jpg?t=1719910009;;Glowfish Interactive;;Glowfish Interactive;;Windows;;https://store.steampowered.com/app/1211240/Trifox/;;14 Oct, 2022;;Action, Adventure;;Unknown;;Unknown;;Unknown;;Unknown
Old Timer Transport;;Belgium;;Hop on your turbocharged mobility scooter as a grumpy old driver! Race through Bompidorm with friends, commit vehicular manslaughter, and deliver your victims to the hospital to dodge l...;;https://shared.cloudflare.steamstatic.com/store_item_assets/steam/apps/3142140/header.jpg?t=1732096930;;Abonneer;;Abonneer;;Windows;;https://store.steampowered.com/app/3142140/Old_Timer_Transport/;;January 2025;;Action, Casual, Indie, Free To Play;;Unknown;;Unknown;;Unknown;;Unknown
Dino-Ducks Dash;;Belgium;;Dino-Ducks Dash is a 2D Hi-Score Multiplayer Runner you can play PvP, Co-Op or as a single player to beat the leaderboard.It has a couch co-op mode and an online co-op mode.And you can ...;;https://shared.cloudflare.steamstatic.com/store_item_assets/steam/apps/3323020/header.jpg?t=1732182909;;Duckosaurus Games;;Duckosaurus Games;;Windows;;https://store.steampowered.com/app/3323020/DinoDucks_Dash/;;To be announced;;Action, Casual, Indie;;Unknown;;Unknown;;Unknown;;Unknown
Escape Hades's jails VR;;Belgium;;Escape from the depths of hell in VR! Solve puzzles with a friend, customize your avatar, and explore Hades' prison with no time limit. Developed by two escape game enthusiasts.;;https://shared.cloudflare.steamstatic.com/store_item_assets/steam/apps/2540540/header.jpg?t=1730403705;;1mPaCt' (JSD), DasProfGames (AL);;1mPaCt' (JSD), DasProfGames (AL);;Windows;;https://store.steampowered.com/app/2540540/Escape_Hadess_jails_VR/;;31 Oct, 2024;;Adventure, Indie, Early Access;;Unknown;;Unknown;;Unknown;;Unknown
Gloomy Eyes;;Belgium;;Within a world where the sun has stopped rising, the darkness awoke the dead from their graves, and an oppressive leader has cast them out. Play Gloomy and Nena, a zombie and a human , ...;;https://shared.cloudflare.steamstatic.com/store_item_assets/steam/apps/2667950/header.jpg?t=1730717611;;ARTE France;;Atlas V, 3Dar, Fishing Cactus, Be Revolution;;Windows;;https://store.steampowered.com/app/2667950/Gloomy_Eyes/;;To be announced;;Adventure, Casual, Indie;;Unknown;;Unknown;;Unknown;;Unknown
Modulus;;Belgium;;Modulus is a factory automation game where you cut, color, stamp, and assemble 3D building blocks. Design and optimize sprawling factories with creative freedom to efficiently fulfill t...;;https://shared.cloudflare.steamstatic.com/store_item_assets/steam/apps/2779120/header.jpg?t=1733421422;;Astra Logical;;Happy Volcano;;Windows;;https://store.steampowered.com/app/2779120/Modulus/;;To be announced;;Simulation;;Unknown;;Unknown;;Unknown;;Unknown
