Country;;Steam_Link
Chile;;https://store.steampowered.com/app/255070/Abyss_Odyssey/
Denmark;;https://store.steampowered.com/app/21030/Watchmen_The_End_is_Nigh_Part_2/
Denmark;;https://store.steampowered.com/app/28000/Kane__Lynch_2_Dog_Days/
Denmark;;https://store.steampowered.com/app/203140/Hitman_Absolution/
Denmark;;https://store.steampowered.com/app/6860/Hitman_Blood_Money/
Denmark;;https://store.steampowered.com/app/247430/Hitman_Contracts/
Denmark;;https://store.steampowered.com/app/6850/Hitman_2_Silent_Assassin/
Denmark;;https://store.steampowered.com/app/6900/Hitman_Codename_47/
Sweden;;https://store.steampowered.com/app/553850/HELLDIVERS_2/
Sweden;;https://store.steampowered.com/app/468310/She_Wants_Me_Dead/
Sweden;;https://store.steampowered.com/app/1237950/STAR_WARS_Battlefront_II/
Sweden;;https://store.steampowered.com/app/1238840/Battlefield_1/
Sweden;;https://store.steampowered.com/app/1238860/Battlefield_4/
Sweden;;https://store.steampowered.com/app/1238820/Battlefield_3/
Sweden;;https://store.steampowered.com/app/517630/Just_Cause_4_Reloaded/
Sweden;;https://store.steampowered.com/app/8190/Just_Cause_2/
Sweden;;https://store.steampowered.com/app/6880/Just_Cause/
Sweden;;https://store.steampowered.com/app/234140/Mad_Max/
Sweden;;https://store.steampowered.com/app/394510/HELLDIVERS_Dive_Harder_Edition/
Sweden;;https://store.steampowered.com/app/235540/Warhammer_End_Times__Vermintide/
Sweden;;https://store.steampowered.com/app/226560/Escape_Dead_Island/
Sweden;;https://store.steampowered.com/app/42120/Lead_and_Gold_Gangs_of_the_Wild_West/
Sweden;;https://store.steampowered.com/app/21680/Bionic_Commando_Rearmed/
Sweden;;https://store.steampowered.com/app/2221490/Tom_Clancys_The_Division_2/
Sweden;;https://store.steampowered.com/app/365590/Tom_Clancys_The_Division/
Sweden;;https://store.steampowered.com/app/493520/GTFO/
Sweden;;https://store.steampowered.com/app/1272080/PAYDAY_3/
Sweden;;https://store.steampowered.com/app/218620/PAYDAY_2/
Sweden;;https://store.steampowered.com/app/24240/PAYDAY_The_Heist/
Sweden;;https://store.steampowered.com/app/219150/Hotline_Miami/
Sweden;;https://store.steampowered.com/app/1262580/Need_for_Speed_Payback/
Sweden;;https://store.steampowered.com/app/1262540/Need_for_Speed/
Sweden;;https://store.steampowered.com/app/741510/The_Hong_Kong_Massacre/
Sweden;;https://store.steampowered.com/app/362680/Fran_Bow/
Sweden;;https://store.steampowered.com/app/548570/RAGE_2/
Sweden;;https://store.steampowered.com/app/612880/Wolfenstein_II_The_New_Colossus/
Sweden;;https://store.steampowered.com/app/1056970/Wolfenstein_Cyberpilot/
Sweden;;https://store.steampowered.com/app/1056960/Wolfenstein_Youngblood/
Sweden;;https://store.steampowered.com/app/350080/Wolfenstein_The_Old_Blood/
Sweden;;https://store.steampowered.com/app/201810/Wolfenstein_The_New_Order/
Sweden;;https://store.steampowered.com/app/760160/Vampire_The_Masquerade__Bloodhunt/
Finland;;https://store.steampowered.com/app/2171440/Fear__Hunger_2_Termina/
Finland;;https://store.steampowered.com/app/1002300/Fear__Hunger/
Finland;;https://store.steampowered.com/app/1649240/Returnal/
Finland;;https://store.steampowered.com/app/870780/Control_Ultimate_Edition/
Finland;;https://store.steampowered.com/app/571520/Kalaban/
Finland;;https://store.steampowered.com/app/223630/AirBuccaneers/
Finland;;https://store.steampowered.com/app/405780/Alpha_Polaris__A_Horror_Adventure_Game/
Finland;;https://store.steampowered.com/app/218640/Lucius/
Finland;;https://store.steampowered.com/app/12150/Max_Payne_2_The_Fall_of_Max_Payne/
Finland;;https://store.steampowered.com/app/12140/Max_Payne/
Austria;;https://store.steampowered.com/app/266050/Into_the_Dark_Ultimate_Trash_Edition/
Hungary;;https://store.steampowered.com/app/1508260/Tortured_Hearts__Or_How_I_Saved_The_Universe_Again/
Hungary;;https://store.steampowered.com/app/1102250/Tittilium/
Poland;;https://store.steampowered.com/app/379430/Kingdom_Come_Deliverance/
Poland;;https://store.steampowered.com/app/323190/Frostpunk/
Poland;;https://store.steampowered.com/app/585450/Shadows_Awakening/
Switzerland;;https://store.steampowered.com/app/2851240/Kloppyssimo/
Japan;;https://store.steampowered.com/app/2527390/Dead_Rising_Deluxe_Remaster/
Japan;;https://store.steampowered.com/app/2515020/FINAL_FANTASY_XVI/
Japan;;https://store.steampowered.com/app/3011850/CRUELTY/
Japan;;https://store.steampowered.com/app/2752370/Unfaithful_Wife_Ayanos_Netorare_Report__My_gentle_wife_is_fucking_another_man/
Japan;;https://store.steampowered.com/app/2654470/BUNNY_GARDEN/
Japan;;https://store.steampowered.com/app/1875830/Shin_Megami_Tensei_V_Vengeance/
Japan;;https://store.steampowered.com/app/2308580/Disaster_Detective_Saiga_An_Indescribable_Mystery/
Japan;;https://store.steampowered.com/app/2743770/The_Feast_of_Terror_A_Night_Hunted_by_Beauties/
Japan;;https://store.steampowered.com/app/1901620/Dungeon_Travelers_To_Heart_2_in_Another_World/
Japan;;https://store.steampowered.com/app/2745710/Modern_Pink_Elf_RPG/
Japan;;https://store.steampowered.com/app/2072450/Like_a_Dragon_Infinite_Wealth/
Japan;;https://store.steampowered.com/app/2588580/Demons_GunPlay/
Japan;;https://store.steampowered.com/app/2588590/Fleshlight_Squad__Fleshlightize/
Japan;;https://store.steampowered.com/app/2574800/Cronie_the_Assassins_Mission__The_Teddy_Bear_Payment/
Japan;;https://store.steampowered.com/app/2594920/Atelier_Resleriana_Forgotten_Alchemy_and_the_Polar_Night_Liberator/
Japan;;https://store.steampowered.com/app/2540970/StanCact_Sexy_Tenacious_Girls/
Japan;;https://store.steampowered.com/app/2416650/Night_Stroll/
Japan;;https://store.steampowered.com/app/2131630/METAL_GEAR_SOLID__Master_Collection_Version/
Japan;;https://store.steampowered.com/app/2054970/Dragons_Dogma_2/
Japan;;https://store.steampowered.com/app/2520890/Turquchan_in_the_Hentai_Laboratory/
Japan;;https://store.steampowered.com/app/2375550/Like_a_Dragon_Gaiden_The_Man_Who_Erased_His_Name/
Japan;;https://store.steampowered.com/app/1888160/ARMORED_CORE_VI_FIRES_OF_RUBICON/
Japan;;https://store.steampowered.com/app/2499680/Pacifist_Kunoichi_Kikyo/
Japan;;https://store.steampowered.com/app/2514850/Maid_Slaves__Golden_Dungeon/
Japan;;https://store.steampowered.com/app/2439620/Nun_and_Lights_Unreachable_Forest/
Japan;;https://store.steampowered.com/app/2395630/Uchikano__Living_With_My_Lovers/
Japan;;https://store.steampowered.com/app/2337450/Lkyt/
Japan;;https://store.steampowered.com/app/1448440/Wo_Long_Fallen_Dynasty/
Japan;;https://store.steampowered.com/app/1805480/Like_a_Dragon_Ishin/
Japan;;https://store.steampowered.com/app/1680880/Forspoken/
Japan;;https://store.steampowered.com/app/1451090/Tactics_Ogre_Reborn/
Japan;;https://store.steampowered.com/app/2058180/Judgment/
Japan;;https://store.steampowered.com/app/1631080/HoneySelect2Libido_DX/
Japan;;https://store.steampowered.com/app/1333350/Angel_Legion/
Japan;;https://store.steampowered.com/app/1909800/UuultraC/
Japan;;https://store.steampowered.com/app/1245620/ELDEN_RING/
Japan;;https://store.steampowered.com/app/1619750/Karryns_Prison/
Japan;;https://store.steampowered.com/app/1075980/NinNinDays/
Japan;;https://store.steampowered.com/app/1732190/FATAL_FRAME__PROJECT_ZERO_Maiden_of_Black_Water/
Japan;;https://store.steampowered.com/app/341870/TEMBO_THE_BADASS_ELEPHANT/
Japan;;https://store.steampowered.com/app/958480/Seed_of_the_Dead/
Japan;;https://store.steampowered.com/app/1576240/The_Shadow_of_Yidhra/
Japan;;https://store.steampowered.com/app/1506260/Funbag_Fantasy_3if/
Japan;;https://store.steampowered.com/app/939600/LOVE_Love_Cube/
Japan;;https://store.steampowered.com/app/1580780/NINJA_GAIDEN_Master_Collection_NINJA_GAIDEN/
Japan;;https://store.steampowered.com/app/1323470/GetsuFumaDen_Undying_Moon/
Japan;;https://store.steampowered.com/app/1418180/MUSICUS/
Japan;;https://store.steampowered.com/app/1388590/Yakuza_6_The_Song_of_Life/
Japan;;https://store.steampowered.com/app/1196590/Resident_Evil_Village/
Japan;;https://store.steampowered.com/app/1236430/Fxxx_Me_Royally_Horny_Magical_Princess/
Japan;;https://store.steampowered.com/app/1113560/NieR_Replicant_ver122474487139/
Japan;;https://store.steampowered.com/app/1325200/Nioh_2__The_Complete_Edition/
Japan;;https://store.steampowered.com/app/1056640/Phantasy_Star_Online_2_New_Genesis/
Japan;;https://store.steampowered.com/app/1235140/Yakuza_Like_a_Dragon/
Japan;;https://store.steampowered.com/app/494600/EARTHS_DAWN/
Japan;;https://store.steampowered.com/app/1150640/YuGiOh_Legacy_of_the_Duelist__Link_Evolution/
Japan;;https://store.steampowered.com/app/1205560/Taimanin_Yukikaze_1_Trial/
Japan;;https://store.steampowered.com/app/1152100/Taimanin_Asagi_1_Trial/
Japan;;https://store.steampowered.com/app/1136330/Hazumi_and_the_Pregnation/
Japan;;https://store.steampowered.com/app/1066430/Kwaidan_Azuma_manor_story/
Japan;;https://store.steampowered.com/app/1023970/Gun_Gun_Pixies/
Japan;;https://store.steampowered.com/app/999020/Mega_Man_ZeroZX_Legacy_Collection/
Japan;;https://store.steampowered.com/app/565690/Ayakashigami/
Japan;;https://store.steampowered.com/app/965810/Kara_no_Shojo/
Japan;;https://store.steampowered.com/app/723090/Meltys_Quest/
Japan;;https://store.steampowered.com/app/1073440/__Koikatsu_Party/
Japan;;https://store.steampowered.com/app/206230/Clan_of_Champions/
Japan;;https://store.steampowered.com/app/1046600/GNo_Hero_Allowed_No_Puzzle_Either/
Japan;;https://store.steampowered.com/app/766680/Punch_Line/
Japan;;https://store.steampowered.com/app/885940/Meritocracy_of_the_Oni__Blade/
Japan;;https://store.steampowered.com/app/247660/Deadly_Premonition_The_Directors_Cut/
Japan;;https://store.steampowered.com/app/940650/Our_World_Is_Ended/
Japan;;https://store.steampowered.com/app/340170/FINAL_FANTASY_TYPE0_HD/
Japan;;https://store.steampowered.com/app/552700/WORLD_OF_FINAL_FANTASY/
Japan;;https://store.steampowered.com/app/687260/Tokyo_Dark/
Japan;;https://store.steampowered.com/app/609150/STAR_OCEAN__THE_LAST_HOPE__4K__Full_HD_Remaster/
Japan;;https://store.steampowered.com/app/502280/BERSERK_and_the_Band_of_the_Hawk/
Japan;;https://store.steampowered.com/app/927380/Yakuza_Kiwami_2/
Japan;;https://store.steampowered.com/app/606370/Romancing_SaGa_2/
Japan;;https://store.steampowered.com/app/543900/METAL_GEAR_SURVIVE/
Japan;;https://store.steampowered.com/app/235460/METAL_GEAR_RISING_REVENGEANCE/
Japan;;https://store.steampowered.com/app/794600/LET_IT_DIE/
Japan;;https://store.steampowered.com/app/761600/Onimusha_Warlords/
Japan;;https://store.steampowered.com/app/460810/Vanquish/
Japan;;https://store.steampowered.com/app/460790/Bayonetta/
Japan;;https://store.steampowered.com/app/601150/Devil_May_Cry_5/
Japan;;https://store.steampowered.com/app/682570/SGZH_School_GirlZombie_Hunter/
Japan;;https://store.steampowered.com/app/814380/Sekiro_Shadows_Die_Twice__GOTY_Edition/
Japan;;https://store.steampowered.com/app/525240/LOST_SPHEAR/
Japan;;https://store.steampowered.com/app/574050/DRAGON_QUEST_HEROES_II/
Japan;;https://store.steampowered.com/app/524220/NieRAutomata/
Japan;;https://store.steampowered.com/app/637670/Secret_of_Mana/
Japan;;https://store.steampowered.com/app/601050/Attack_on_Titan_2__AOT2/
Japan;;https://store.steampowered.com/app/637650/FINAL_FANTASY_XV_WINDOWS_EDITION/
Japan;;https://store.steampowered.com/app/34270/SEGA_Mega_Drive_and_Genesis_Classics/
Japan;;https://store.steampowered.com/app/893180/Catherine_Classic/
Japan;;https://store.steampowered.com/app/335300/DARK_SOULS_II_Scholar_of_the_First_Sin/
Japan;;https://store.steampowered.com/app/39210/FINAL_FANTASY_XIV_Online/
Japan;;https://store.steampowered.com/app/638970/Yakuza_0/
Japan;;https://store.steampowered.com/app/311340/METAL_GEAR_SOLID_V_GROUND_ZEROES/
Japan;;https://store.steampowered.com/app/287700/METAL_GEAR_SOLID_V_THE_PHANTOM_PAIN/
Chile;;https://store.steampowered.com/app/1794750/Stay_with_Me_Alien_Abduction_Story/
Iceland;;https://store.steampowered.com/app/779650/Ready_Player_One_OASIS_beta/
Lithuania;;https://store.steampowered.com/app/1783470/Experiment_Of_Being/
New Zealand;;https://store.steampowered.com/app/1599560/Wanderer/
New Zealand;;https://store.steampowered.com/app/274940/Depth/
New Zealand;;https://store.steampowered.com/app/340520/Tallowmere/
Romania;;https://store.steampowered.com/app/2020840/Left_to_Rot/
Greece;;https://store.steampowered.com/app/1343260/I_dream_of_you_and_ice_cream/
Australia;;https://store.steampowered.com/app/261640/Borderlands_The_PreSequel/
Australia;;https://store.steampowered.com/app/110800/LA_Noire/
Australia;;https://store.steampowered.com/app/609420/Never_Give_Up/
Australia;;https://store.steampowered.com/app/38420/Fallout_Tactics_Brotherhood_of_Steel/
Australia;;https://store.steampowered.com/app/65930/The_Bureau_XCOM_Declassified/
Czech Republic;;https://store.steampowered.com/app/33930/Arma_2_Operation_Arrowhead/
Czech Republic;;https://store.steampowered.com/app/65790/ARMA_Cold_War_Assault/
Czech Republic;;https://store.steampowered.com/app/65740/Carrier_Command_Gaea_Mission/
Czech Republic;;https://store.steampowered.com/app/65780/ARMA_Gold_Edition/
Czech Republic;;https://store.steampowered.com/app/221100/DayZ/
Czech Republic;;https://store.steampowered.com/app/33900/Arma_2/
Czech Republic;;https://store.steampowered.com/app/200490/Memento_Mori/
Czech Republic;;https://store.steampowered.com/app/840370/Someday_Youll_Return/
Argentina;;https://store.steampowered.com/app/1670870/MADiSON/
Argentina;;https://store.steampowered.com/app/2414550/MADiSON_VR/
Argentina;;https://store.steampowered.com/app/1804730/DEPRISION/
Argentina;;https://store.steampowered.com/app/2759050/Manzaka/
Chile;;https://store.steampowered.com/app/1129480/El_Culto/
Costa Rica;;https://store.steampowered.com/app/1161510/Lithium_Inmate_39_Relapsed_Edition/
Mexico;;https://store.steampowered.com/app/2914740/Haus_Of_Irndrous/
Paraguay;;https://store.steampowered.com/app/1368400/Pombero__The_Lord_of_the_Night/
Paraguay;;https://store.steampowered.com/app/1412680/THE_ORIGIN_Blind_Maid_l_DEFINITIVE_EDITION/
Indonesia;;https://store.steampowered.com/app/704680/AMPLITUDE_A_Visual_Novel/
Indonesia;;https://store.steampowered.com/app/1165020/Legend_of_Everything/
Indonesia;;https://store.steampowered.com/app/2729000/Cats_and_Seek_Dino_Park/
Thailand;;https://store.steampowered.com/app/1180270/Forbidden_Love_With_The_Ghost_Girl/
Thailand;;https://store.steampowered.com/app/2275840/DeliverwarTH/
Singapore;;https://store.steampowered.com/app/48190/Assassins_Creed_Brotherhood/
Singapore;;https://store.steampowered.com/app/201870/Assassins_Creed_Revelations/
Singapore;;https://store.steampowered.com/app/242050/Assassins_Creed_IV_Black_Flag/
Singapore;;https://store.steampowered.com/app/2853730/Skull_and_Bones/
Brazil;;https://store.steampowered.com/app/1699900/Alexandria_IV/
Canada;;https://store.steampowered.com/app/543460/Dead_Rising_4/
Canada;;https://store.steampowered.com/app/543010/Bush_Hockey_League/
Canada;;https://store.steampowered.com/app/381210/Dead_by_Daylight/
Canada;;https://store.steampowered.com/app/265550/Dead_Rising_3_Apocalypse_Edition/
Canada;;https://store.steampowered.com/app/209000/Batman_Arkham_Origins/
Canada;;https://store.steampowered.com/app/67370/The_Darkness_II/
Canada;;https://store.steampowered.com/app/45770/Dead_Rising_2_Off_the_Record/
Canada;;https://store.steampowered.com/app/202170/Sleeping_Dogs/
Canada;;https://store.steampowered.com/app/115320/Prototype_2/
Canada;;https://store.steampowered.com/app/214560/Mark_of_the_Ninja/
Canada;;https://store.steampowered.com/app/218820/Mercenary_Kings_Reloaded_Edition/
Serbia;;https://store.steampowered.com/app/2420860/At_the_Dream_End_2__Beyond_Gods/
Serbia;;https://store.steampowered.com/app/2338120/Outlive/
Serbia;;https://store.steampowered.com/app/586170/Mad_Dojo/
Ireland;;https://store.steampowered.com/app/858030/Paranoia_Happiness_is_Mandatory/
Ireland;;https://store.steampowered.com/app/604540/Empire_of_Sin/
Spain;;https://store.steampowered.com/app/211400/Deadlight/
Belgium;;https://store.steampowered.com/app/1905550/BattleSage/
Belgium;;https://store.steampowered.com/app/1922010/Breachers/
Belgium;;https://store.steampowered.com/app/1351000/Gangs_of_Sherwood/
Belgium;;https://store.steampowered.com/app/1086940/Baldurs_Gate_3/
Japan;;https://store.steampowered.com/app/1008280/Fairy_Picturebook_of_Hero_and_Sorceress/
Japan;;https://store.steampowered.com/app/886540/Magical_girls_labyrinth/
Japan;;https://store.steampowered.com/app/1580780/NINJA_GAIDEN_Master_Collection_NINJA_GAIDEN_S/
Denmark;;https://store.steampowered.com/app/360360/Machineers__Episode_2_River_City/
Denmark;;https://store.steampowered.com/app/427820/Hitman_GO_Definitive_Edition/
Denmark;;https://store.steampowered.com/app/236870/HITMAN/
Denmark;;https://store.steampowered.com/app/1139900/Ghostrunner/
Denmark;;https://store.steampowered.com/app/2065790/Presenter_Slides__License/
Denmark;;https://store.steampowered.com/app/1114380/Orgynizer/
Denmark;;https://store.steampowered.com/app/1976690/Bloody_Pigs_1996/
Denmark;;https://store.steampowered.com/app/882730/RESolver/
United States;;https://store.steampowered.com/app/1726810/Psychonauts_2_Original_Soundtrack_Vol_1/
United States;;https://store.steampowered.com/app/1927960/Psychonauts_2_Original_Soundtrack_Vol_2/
United States;;https://store.steampowered.com/app/3839/Psychonauts_Original_Score/
United States;;https://store.steampowered.com/app/3838/Psychonauts_Original_Soundtrack/
United States;;https://store.steampowered.com/app/1465760/Prodeus_Soundtrack/
United States;;https://store.steampowered.com/app/1668440/Prodeus_MIDI_Soundtrack/
United States;;https://store.steampowered.com/app/1778540/Primordia_Unofficial_Soundtrack/
United States;;https://store.steampowered.com/app/1940290/Primordia_Official_Soundtrack/
United States;;https://store.steampowered.com/app/361440/Primal_Carnage_Soundtrack_Collection/
United States;;https://store.steampowered.com/app/1967880/Prey_Original_Game_Soundtrack/
United States;;https://store.steampowered.com/app/1556200/Predator_Hunting_Grounds/
United States;;https://store.steampowered.com/app/1023160/Praey_for_the_Gods_Soundtrack/
United States;;https://store.steampowered.com/app/1722540/PowerSlave_DOS_Classic_Edition_Soundtrack/
United States;;https://store.steampowered.com/app/2016160/POSTAL_4_No_Regerts__KDTF_Soundtrack/
United States;;https://store.steampowered.com/app/1957450/POSTAL_4_No_Regerts_Official_Soundtrack/
United States;;https://store.steampowered.com/app/1986830/POSTAL_2__Official_Soundtrack/
United States;;https://store.steampowered.com/app/323180/Portal_2_Soundtrack/
United States;;https://store.steampowered.com/app/587990/Poi__Soundtrack/
United States;;https://store.steampowered.com/app/613230/Planescape_Torment_Enhanced_Edition_Official_Soundtrack/
United States;;https://store.steampowered.com/app/332740/Pinstripe_Original_Soundtrack/
United States;;https://store.steampowered.com/app/1205520/Pentiment/
United States;;https://store.steampowered.com/app/237570/Penny_Arcades_On_the_RainSlick_Precipice_of_Darkness_4/
United States;;https://store.steampowered.com/app/1236790/The_Pedestrian_Soundtrack/
United States;;https://store.steampowered.com/app/1928340/Patricks_Parabox_Original_Soundtrack/
United States;;https://store.steampowered.com/app/1818650/The_Pathless__Original_Soundtrack/
United States;;https://store.steampowered.com/app/433430/Oxenfree__OST/
United States;;https://store.steampowered.com/app/1601690/Overgrowth_Soundtrack/
United States;;https://store.steampowered.com/app/1286760/Outer_Wilds__Original_Soundtrack/
United States;;https://store.steampowered.com/app/328850/Organ_Trail_Directors_Cut__Soundtrack/
United States;;https://store.steampowered.com/app/1661400/Orcs_Must_Die_3_Soundtrack/
United States;;https://store.steampowered.com/app/201809/Orcs_Must_Die_2__Soundtrack/
United States;;https://store.steampowered.com/app/1266130/One_Step_From_Eden_Soundtrack/
United States;;https://store.steampowered.com/app/1508300/OMORI_Soundtrack/
United States;;https://store.steampowered.com/app/1568830/Okami_Original_Soundtrack_Vol_5/
United States;;https://store.steampowered.com/app/1568840/Okami_Original_Soundtrack_Vol_4/
United States;;https://store.steampowered.com/app/1568850/Okami_Original_Soundtrack_Vol_3/
United States;;https://store.steampowered.com/app/1568860/Okami_Original_Soundtrack_Vol_2/
United States;;https://store.steampowered.com/app/1568870/Okami_Original_Soundtrack_Vol_1/
United States;;https://store.steampowered.com/app/677090/Ogre__Deluxe_Official_Soundtrack/
United States;;https://store.steampowered.com/app/808720/Octogeddon__Soundtrack/
United States;;https://store.steampowered.com/app/296170/Octodad_Dadliest_Catch__Soundtrack/
United States;;https://store.steampowered.com/app/393400/Nova111_Original_Soundtrack/
United States;;https://store.steampowered.com/app/1919980/NORCO_Original_Soundtrack/
United States;;https://store.steampowered.com/app/1491620/New_Super_Luckys_Tale_Soundtrack/
United States;;https://store.steampowered.com/app/738711/Neverwinter_Nights_Premium_Adventures_Official_Soundtrack/
United States;;https://store.steampowered.com/app/738710/Neverwinter_Nights_Enhanced_Edition_Official_Soundtrack/
United States;;https://store.steampowered.com/app/1322020/Neversong_Original_Soundtrack/
United States;;https://store.steampowered.com/app/2054540/Neon_White__Original_Soundtrack/
United States;;https://store.steampowered.com/app/529520/Mutant_Football_League/
United States;;https://store.steampowered.com/app/731130/Mushroom_Wars_2__Official_Soundtrack/
United States;;https://store.steampowered.com/app/233290/Murdered_Soul_Suspect/
United States;;https://store.steampowered.com/app/307780/Mortal_Kombat_X/
United States;;https://store.steampowered.com/app/976310/Mortal_Kombat_11/
United States;;https://store.steampowered.com/app/1319750/Monster_Train_Soundtrack/
United States;;https://store.steampowered.com/app/416920/Monaco_Soundtrack_by_Austin_Wintory/
United States;;https://store.steampowered.com/app/368260/Marvels_Midnight_Suns/
United States;;https://store.steampowered.com/app/356190/Middleearth_Shadow_of_War/
United States;;https://store.steampowered.com/app/509100/The_Metronomicon__Score/
United States;;https://store.steampowered.com/app/488050/The_Metronomicon__Soundtrack/
United States;;https://store.steampowered.com/app/1420390/Manifold_Garden_Soundtrack/
United States;;https://store.steampowered.com/app/63630/The_Manhole_Masterpiece_Edition/
United States;;https://store.steampowered.com/app/629820/Maneater/
United States;;https://store.steampowered.com/app/360430/Mafia_III_Definitive_Edition/
United States;;https://store.steampowered.com/app/1245700/The_Lost_Legends_of_Redwall_Escape_the_Gloomer_Soundtrack/
United States;;https://store.steampowered.com/app/646490/Locks_Quest_Soundtrack/
United States;;https://store.steampowered.com/app/1270140/Little_Inferno_Soundtrack/
United States;;https://store.steampowered.com/app/554620/Life_is_Strange_Before_the_Storm/
United States;;https://store.steampowered.com/app/224300/Legacy_of_Kain_Defiance/
United States;;https://store.steampowered.com/app/587660/Leaving_Lyndow_Original_Soundtrack/
United States;;https://store.steampowered.com/app/289690/LARA_CROFT_AND_THE_TEMPLE_OF_OSIRIS/
United States;;https://store.steampowered.com/app/932400/Lamplight_City__Official_Game_Soundtrack/
United States;;https://store.steampowered.com/app/97130/Kohan_II_Kings_of_War/
United States;;https://store.steampowered.com/app/1278250/Kingdoms_of_Amalur_ReReckoning_Soundtrack/
United States;;https://store.steampowered.com/app/102500/Kingdoms_of_Amalur_Reckoning/
United States;;https://store.steampowered.com/app/1738900/King_of_Dragon_Pass_Soundtrack/
United States;;https://store.steampowered.com/app/1155430/Kind_Words__Soundtrack/
United States;;https://store.steampowered.com/app/232090/Killing_Floor_2/
United States;;https://store.steampowered.com/app/720530/Killer_Instinct__The_Complete_Soundtrack/
United States;;https://store.steampowered.com/app/1075710/Katana_ZERO_Soundtrack/
United States;;https://store.steampowered.com/app/619910/Just_Cause_3_Multiplayer_Mod/
United States;;https://store.steampowered.com/app/225540/Just_Cause_3/
United States;;https://store.steampowered.com/app/1207660/Jamestown_OST/
United States;;https://store.steampowered.com/app/1784010/The_Jackbox_Party_Pack_8__Soundtrack/
United States;;https://store.steampowered.com/app/1176900/The_Jackbox_Party_Pack_6__Soundtrack/
United States;;https://store.steampowered.com/app/809930/The_Jackbox_Party_Pack_5__Soundtrack/
United States;;https://store.steampowered.com/app/714760/The_Jackbox_Party_Pack_4__Soundtrack/
United States;;https://store.steampowered.com/app/577810/The_Jackbox_Party_Pack_3__Soundtrack/
United States;;https://store.steampowered.com/app/577930/The_Jackbox_Party_Pack_2__Soundtrack/
United States;;https://store.steampowered.com/app/1413620/Ironseed_25th_Anniversary_Edition_Soundtrack/
United States;;https://store.steampowered.com/app/1408950/Ion_Fury_Soundtrack/
United States;;https://store.steampowered.com/app/807320/Into_the_Breach_Soundtrack/
United States;;https://store.steampowered.com/app/747670/InnerSpace__Soundtrack/
United States;;https://store.steampowered.com/app/242700/Injustice_Gods_Among_Us_Ultimate_Edition/
United States;;https://store.steampowered.com/app/226700/Infestation_The_New_Beginning/
United States;;https://store.steampowered.com/app/1172420/Indivisible__Soundtrack/
United States;;https://store.steampowered.com/app/467600/Icewind_Dale_Enhanced_Edition_Official_Soundtrack/
United States;;https://store.steampowered.com/app/1722900/I_Expect_You_To_Die_2_Official_Soundtrack/
United States;;https://store.steampowered.com/app/1041000/Hypnospace_Outlaw_Original_Soundtrack/
United States;;https://store.steampowered.com/app/453020/Hyper_Light_Drifter_Original_Soundtrack/
United States;;https://store.steampowered.com/app/594650/Hunt_Showdown_1896/
United States;;https://store.steampowered.com/app/1273200/Human_Resource_Machine_Soundtrack/
United States;;https://store.steampowered.com/app/1011020/HeroU_Rogue_to_Redemption__Soundtrack/
United States;;https://store.steampowered.com/app/776560/Heartbound__OST/
United States;;https://store.steampowered.com/app/1695794/Halo_3_ODST_Mod_Tools__MCC/
United States;;https://store.steampowered.com/app/1554570/HalfLife_Alyx__Final_Hours_Triage_at_Dawn_Theme/
United States;;https://store.steampowered.com/app/323140/HalfLife_2_Soundtrack/
United States;;https://store.steampowered.com/app/1206340/Hades_Original_Soundtrack/
United States;;https://store.steampowered.com/app/889440/Guts_and_Glory__Original_Soundtrack/
United States;;https://store.steampowered.com/app/368190/Grim_Fandango_Remastered__Soundtrack/
United States;;https://store.steampowered.com/app/1250890/Grim_Dawn_Soundtrack/
United States;;https://store.steampowered.com/app/745160/Gorogoa__Original_Soundtrack/
United States;;https://store.steampowered.com/app/298720/Gone_Home_Soundtrack/
United States;;https://store.steampowered.com/app/1394870/Going_Under_Soundtrack/
United States;;https://store.steampowered.com/app/1593500/God_of_War/
United States;;https://store.steampowered.com/app/1530730/Big_Bang_Music_from_the_Universe_of_Genesis_Noir/
United States;;https://store.steampowered.com/app/1934510/Gemini_Rue_Official_Soundtrack/
United States;;https://store.steampowered.com/app/1418580/Gato_Roboto_Soundtrack/
United States;;https://store.steampowered.com/app/1709270/Garden_Story_Original_Soundtrack/
United States;;https://store.steampowered.com/app/221001/FTL_Faster_Than_Light__Soundtrack/
United States;;https://store.steampowered.com/app/1269360/Aesop_Rock__Freedom_Finger_Soundtrack/
United States;;https://store.steampowered.com/app/1729350/Flynn_Son_of_Crimson__Original_Soundtrack/
United States;;https://store.steampowered.com/app/435910/Firewatch_Original_Soundtrack/
United States;;https://store.steampowered.com/app/21100/FEAR_3/
United States;;https://store.steampowered.com/app/21090/FEAR/
United States;;https://store.steampowered.com/app/461160/Fallout_New_Vegas__Soundtrack/
United States;;https://store.steampowered.com/app/22380/Fallout_New_Vegas/
United States;;https://store.steampowered.com/app/1151340/Fallout_76/
United States;;https://store.steampowered.com/app/611660/Fallout_4_VR/
United States;;https://store.steampowered.com/app/377160/Fallout_4/
United States;;https://store.steampowered.com/app/461150/Fallout_3__Soundtrack/
United States;;https://store.steampowered.com/app/38410/Fallout_2_A_Post_Nuclear_Role_Playing_Game/
United States;;https://store.steampowered.com/app/570710/Extinction/
United States;;https://store.steampowered.com/app/554780/Even_the_Ocean_OST/
United States;;https://store.steampowered.com/app/34288/Eternal_Champions/
United States;;https://store.steampowered.com/app/1980750/Escape_Academy_Original_Soundtrack/
United States;;https://store.steampowered.com/app/457840/Enter_the_Gungeon__Soundtrack/
United States;;https://store.steampowered.com/app/666670/The_End_is_Nigh__Soundtrack/
United States;;https://store.steampowered.com/app/1240360/The_Elder_Scrolls_V_Skyrim_Soundtrack/
United States;;https://store.steampowered.com/app/611670/The_Elder_Scrolls_V_Skyrim_VR/
United States;;https://store.steampowered.com/app/489830/The_Elder_Scrolls_V_Skyrim_Special_Edition/
United States;;https://store.steampowered.com/app/460760/The_Elder_Scrolls_Online__Soundtrack/
United States;;https://store.steampowered.com/app/306130/The_Elder_Scrolls_Online/
United States;;https://store.steampowered.com/app/452070/The_Elder_Scrolls_IV_Oblivion__Soundtrack/
United States;;https://store.steampowered.com/app/451410/The_Elder_Scrolls_III_Morrowind_Soundtrack/
United States;;https://store.steampowered.com/app/38480/Earthworm_Jim/
United States;;https://store.steampowered.com/app/415590/Earthfall/
United States;;https://store.steampowered.com/app/434050/Duke_Nukem_3D_20th_Anniversary_World_Tour/
United States;;https://store.steampowered.com/app/57900/Duke_Nukem_Forever/
United States;;https://store.steampowered.com/app/1486040/Due_Process__Original_Soundtrack/
United States;;https://store.steampowered.com/app/1460890/Drawn_to_Life_Two_Realms_Soundtrack/
United States;;https://store.steampowered.com/app/652720/The_Dota_2_Remixes_EP/
United States;;https://store.steampowered.com/app/1241930/The_Dota_2_Official_Soundtrack/
United States;;https://store.steampowered.com/app/1098293/DOOM_Eternal_The_Ancient_Gods__Part_Two/
United States;;https://store.steampowered.com/app/1098292/DOOM_Eternal_The_Ancient_Gods__Part_One/
United States;;https://store.steampowered.com/app/782330/DOOM_Eternal/
United States;;https://store.steampowered.com/app/1148590/DOOM_64/
United States;;https://store.steampowered.com/app/208200/DOOM_3/
United States;;https://store.steampowered.com/app/379720/DOOM/
United States;;https://store.steampowered.com/app/931370/Donut_County__Original_Soundtrack/
United States;;https://store.steampowered.com/app/1781690/Doki_Doki_Literature_Club_Plus_Soundtrack/
United States;;https://store.steampowered.com/app/1075950/Disintegration_Technical_Beta/
United States;;https://store.steampowered.com/app/455050/Dishonored_Soundtrack/
United States;;https://store.steampowered.com/app/510800/Dino_Run_DX_OST__Supporter_Pack/
United States;;https://store.steampowered.com/app/258180/Deus_Ex_The_Fall/
United States;;https://store.steampowered.com/app/6920/Deus_Ex_Invisible_War/
United States;;https://store.steampowered.com/app/526180/Deus_Ex_Mankind_Divided__VR_Experience/
United States;;https://store.steampowered.com/app/337000/Deus_Ex_Mankind_Divided/
United States;;https://store.steampowered.com/app/1259420/Days_Gone/
United States;;https://store.steampowered.com/app/417380/Darksiders_II_Deathinitive_Edition_Soundtrack/
United States;;https://store.steampowered.com/app/1551790/The_Dark_Side_of_the_Moon_Soundtrack/
United States;;https://store.steampowered.com/app/1649220/Dark_Deity_Soundtrack/
United States;;https://store.steampowered.com/app/1485930/Creeper_World_4_Soundtrack/
United States;;https://store.steampowered.com/app/432800/Crashlands_Soundtrack/
United States;;https://store.steampowered.com/app/63620/Cosmic_Osmo_and_the_Worlds_Beyond_the_Mackerel/
United States;;https://store.steampowered.com/app/1231250/Cook_Serve_Delicious_3_Soundtrack/
United States;;https://store.steampowered.com/app/713690/Cook_Serve_Delicious_2_Original_Soundtrack/
United States;;https://store.steampowered.com/app/359760/Cook_Serve_Delicious_Original_Soundtrack/
United States;;https://store.steampowered.com/app/407920/Contagion_OST/
United States;;https://store.steampowered.com/app/4720/Condemned_Criminal_Origins/
United States;;https://store.steampowered.com/app/305370/Concursion__Steam_Exclusive_Music/
United States;;https://store.steampowered.com/app/1213210/Command__Conquer_Remastered_Collection/
United States;;https://store.steampowered.com/app/393510/Circa_Infinity_Original_Soundtrack/
United States;;https://store.steampowered.com/app/476600/Call_of_Duty_WWII/
United States;;https://store.steampowered.com/app/10090/Call_of_Duty_World_at_War/
United States;;https://store.steampowered.com/app/115300/Call_of_Duty_Modern_Warfare_3_2011/
United States;;https://store.steampowered.com/app/1938090/Call_of_Duty/
United States;;https://store.steampowered.com/app/292730/Call_of_Duty_Infinite_Warfare/
United States;;https://store.steampowered.com/app/209160/Call_of_Duty_Ghosts/
United States;;https://store.steampowered.com/app/311210/Call_of_Duty_Black_Ops_III/
United States;;https://store.steampowered.com/app/202970/Call_of_Duty_Black_Ops_II/
United States;;https://store.steampowered.com/app/42700/Call_of_Duty_Black_Ops/
United States;;https://store.steampowered.com/app/209650/Call_of_Duty_Advanced_Warfare__Gold_Edition/
United States;;https://store.steampowered.com/app/397540/Borderlands_3/
United States;;https://store.steampowered.com/app/49520/Borderlands_2/
United States;;https://store.steampowered.com/app/8870/BioShock_Infinite/
United States;;https://store.steampowered.com/app/8850/BioShock_2/
United States;;https://store.steampowered.com/app/924970/Back_4_Blood/
United States;;https://store.steampowered.com/app/1206600/Almighty_Kill_Your_Gods/
United States;;https://store.steampowered.com/app/1549970/Aliens_Fireteam_Elite/
United States;;https://store.steampowered.com/app/49540/Aliens_Colonial_Marines_Collection/
United States;;https://store.steampowered.com/app/406720/Alekhines_Gun/
United States;;https://store.steampowered.com/app/762220/Afterparty/
United States;;https://store.steampowered.com/app/1564000/Zero_Hour__Original_Soundtrack/
United States;;https://store.steampowered.com/app/589840/XING_The_Land_Beyond_Original_Soundtrack/
United States;;https://store.steampowered.com/app/200510/XCOM_Enemy_Unknown/
United States;;https://store.steampowered.com/app/882100/XCOM_Chimera_Squad/
United States;;https://store.steampowered.com/app/1271470/World_of_Goo_Soundtrack/
United States;;https://store.steampowered.com/app/457090/WolfQuest_Soundtrack/
United States;;https://store.steampowered.com/app/1207610/WolfQuest_Original_Soundtrack/
United States;;https://store.steampowered.com/app/250320/The_Wolf_Among_Us/
United States;;https://store.steampowered.com/app/1254730/Wolcen_Lords_of_Mayhem__Original_Extended_Soundtrack/
United States;;https://store.steampowered.com/app/1192450/Wolcen_Lords_of_Mayhem__Original_Soundtrack/
United States;;https://store.steampowered.com/app/813840/Wizard_of_Legend__Soundtrack/
United States;;https://store.steampowered.com/app/1229040/Whos_Your_Daddy_Classic_Soundtrack_2015/
United States;;https://store.steampowered.com/app/306601/Whispering_Willows__Art_Book_Soundtrack_and_Wallpaper/
United States;;https://store.steampowered.com/app/629930/What_Remains_of_Edith_Finch__Original_Soundtrack/
United States;;https://store.steampowered.com/app/1202470/Wattam__Original_Soundtrack/
United States;;https://store.steampowered.com/app/240760/Wasteland_2_Directors_Cut/
United States;;https://store.steampowered.com/app/1883500/Warhammer_40000_Chaos_Gate__Daemonhunters__Original_Soundtrack/
United States;;https://store.steampowered.com/app/1611910/Warhammer_40000_Chaos_Gate__Daemonhunters/
United States;;https://store.steampowered.com/app/866800/The_Walking_Dead_The_Final_Season/
United States;;https://store.steampowered.com/app/536220/The_Walking_Dead_A_New_Frontier/
United States;;https://store.steampowered.com/app/429570/The_Walking_Dead_Michonne__A_Telltale_Miniseries/
United States;;https://store.steampowered.com/app/1449690/The_Walking_Dead_The_Telltale_Definitive_Series/
United States;;https://store.steampowered.com/app/1044710/Walden_a_game__Soundtrack/
United States;;https://store.steampowered.com/app/1276050/Void_Destroyer_2_Soundtrack/
United States;;https://store.steampowered.com/app/1166720/Valfaris__Digital_OST/
United States;;https://store.steampowered.com/app/1286610/Until_You_Fall__A_Swordwave_OST/
United States;;https://store.steampowered.com/app/915870/Unavowed__Official_Soundtrack/
United States;;https://store.steampowered.com/app/707480/Tyranny__Official_Soundtrack_Deluxe_Edition/
United States;;https://store.steampowered.com/app/1725760/Twelve_Minutes__Original_Soundtrack/
United States;;https://store.steampowered.com/app/1097200/Twelve_Minutes/
United States;;https://store.steampowered.com/app/1051200/Trover_Saves_the_Universe/
United States;;https://store.steampowered.com/app/299240/Transistor_Original_Soundtrack/
United States;;https://store.steampowered.com/app/285370/Tower_of_Guns_Soundtrack/
United States;;https://store.steampowered.com/app/922160/Torn__Official_Soundtrack/
United States;;https://store.steampowered.com/app/698760/Tooth_and_Tail__Official_Soundtrack/
United States;;https://store.steampowered.com/app/290690/Tonight_We_Riot/
United States;;https://store.steampowered.com/app/8140/Tomb_Raider_Underworld/
United States;;https://store.steampowered.com/app/7000/Tomb_Raider_Legend/
United States;;https://store.steampowered.com/app/8000/Tomb_Raider_Anniversary/
United States;;https://store.steampowered.com/app/203160/Tomb_Raider/
United States;;https://store.steampowered.com/app/1319580/Thimbleweed_Park_Soundtrack/
United States;;https://store.steampowered.com/app/1144180/Thems_Fightin_Herds__Official_Soundtrack/
United States;;https://store.steampowered.com/app/1323320/Terraria_Otherworld_Official_Soundtrack/
United States;;https://store.steampowered.com/app/409210/Terraria_Official_Soundtrack/
United States;;https://store.steampowered.com/app/629330/Fight_Songs_The_Music_Of_Team_Fortress_2/
United States;;https://store.steampowered.com/app/330830/Tales_from_the_Borderlands/
United States;;https://store.steampowered.com/app/1364550/System_Shock_Enhanced_Edition__Remastered_Soundtrack/
United States;;https://store.steampowered.com/app/1440610/Superliminal_DoubleAlbum_Soundtrack/
United States;;https://store.steampowered.com/app/315520/Super_Win_the_Game_Soundtrack/
United States;;https://store.steampowered.com/app/1872150/Super_Meat_Boy_Forever_Soundtrack/
United States;;https://store.steampowered.com/app/847370/Sunset_Overdrive/
United States;;https://store.steampowered.com/app/1619010/Subnautica_Below_Zero_Original_Soundtrack/
United States;;https://store.steampowered.com/app/1619300/Subnautica_Original_Soundtrack/
United States;;https://store.steampowered.com/app/1560270/Stubbs_the_Zombie_in_Rebel_Without_a_Pulse__Official_Soundtrack/
United States;;https://store.steampowered.com/app/594700/Streets_of_Rogue_Soundtrack/
United States;;https://store.steampowered.com/app/1783990/Steel_Assault_Complete_Game_Soundtrack/
United States;;https://store.steampowered.com/app/397220/State_of_Decay_YearOne_Survival_Edition_Soundtrack/
United States;;https://store.steampowered.com/app/1274660/State_of_Decay_Original_Game_Soundtrack/
United States;;https://store.steampowered.com/app/1249770/State_of_Decay_2_TwoDisc_Soundtrack/
United States;;https://store.steampowered.com/app/329430/State_of_Decay_YOSE/
United States;;https://store.steampowered.com/app/1708910/Starmancer_Soundtrack/
United States;;https://store.steampowered.com/app/1716740/Starfield/
United States;;https://store.steampowered.com/app/440820/Stardew_Valley_Soundtrack/
United States;;https://store.steampowered.com/app/912470/Star_Traders_Frontiers_Soundtrack/
United States;;https://store.steampowered.com/app/940010/Star_Control_Origins__Original_Soundtrack/
United States;;https://store.steampowered.com/app/2021310/The_Stanley_Parable_Ultra_Deluxe__The_Complete_Soundtrack/
United States;;https://store.steampowered.com/app/1263830/SpongeBob_SquarePants_Battle_for_Bikini_Bottom__Rehydrated_Soundtrack/
United States;;https://store.steampowered.com/app/1435650/Spelunky_2_Soundtrack/
United States;;https://store.steampowered.com/app/224940/Legacy_of_Kain_Soul_Reaver_2_2001/
United States;;https://store.steampowered.com/app/869140/Songbringer__Original_Soundtrack/
United States;;https://store.steampowered.com/app/1643480/Sludge_Life_Soundtrack/
United States;;https://store.steampowered.com/app/1207000/Slime_Rancher_Original_Soundtrack_II__The_Casey_Sessions/
United States;;https://store.steampowered.com/app/671160/Slime_Rancher_Original_Soundtrack/
United States;;https://store.steampowered.com/app/877620/Slay_the_Spire__Soundtrack/
United States;;https://store.steampowered.com/app/1206890/SkateBIRD_Original_Soundtrack/
United States;;https://store.steampowered.com/app/42670/Singularity/
United States;;https://store.steampowered.com/app/339330/Shovel_Knight_Treasure_Trove_Soundtrack_Collection/
United States;;https://store.steampowered.com/app/233130/Shadow_Warrior/
United States;;https://store.steampowered.com/app/750920/Shadow_of_the_Tomb_Raider_Definitive_Edition/
United States;;https://store.steampowered.com/app/1547800/Sense___A_Cyberpunk_Ghost_Story_Soundtrack/
United States;;https://store.steampowered.com/app/720110/The_Search_Soundtrack/
United States;;https://store.steampowered.com/app/1845170/Sam__Max_Beyond_Time_and_Space_Soundtrack/
United States;;https://store.steampowered.com/app/1468550/Sam__Max_Save_the_World_Soundtrack/
United States;;https://store.steampowered.com/app/283640/Salt_and_Sanctuary/
United States;;https://store.steampowered.com/app/206420/Saints_Row_IV_ReElected/
United States;;https://store.steampowered.com/app/978300/Saints_Row_The_Third_Remastered/
United States;;https://store.steampowered.com/app/55230/Saints_Row_The_Third/
United States;;https://store.steampowered.com/app/846421/Runner3__Retro_Challenge_Soundtrack/
United States;;https://store.steampowered.com/app/846420/Runner3__Official_Soundtrack/
United States;;https://store.steampowered.com/app/367090/Robot_RollerDerby_Disco_Dodgeball_Soundtrack/
United States;;https://store.steampowered.com/app/1905390/Risk_of_Rain_2_Survivors_of_the_Void__Soundtrack/
United States;;https://store.steampowered.com/app/1236890/Risk_of_Rain_2_Soundtrack/
United States;;https://store.steampowered.com/app/323410/Risk_of_Rain_Soundtrack/
United States;;https://store.steampowered.com/app/389240/Rise_of_the_Triad_Soundtrack/
United States;;https://store.steampowered.com/app/391220/Rise_of_the_Tomb_Raider/
United States;;https://store.steampowered.com/app/9010/Return_to_Castle_Wolfenstein/
United States;;https://store.steampowered.com/app/617290/Remnant_From_the_Ashes/
United States;;https://store.steampowered.com/app/1294810/Redfall/
United States;;https://store.steampowered.com/app/888820/Red_Faction_Guerrilla_Soundtrack/
United States;;https://store.steampowered.com/app/667720/Red_Faction_Guerrilla_ReMarstered/
United States;;https://store.steampowered.com/app/276190/Red_Faction_Armageddon_Soundtrack/
United States;;https://store.steampowered.com/app/55110/Red_Faction_Armageddon/
United States;;https://store.steampowered.com/app/1568640/Receiver_2_Compound_Soundtrack/
United States;;https://store.steampowered.com/app/1280510/Receiver_2_Soundtrack/
United States;;https://store.steampowered.com/app/1963640/Receiver_Soundtrack/
United States;;https://store.steampowered.com/app/353850/Reassembly_Soundtrack/
United States;;https://store.steampowered.com/app/610070/Rain_World__Soundtrack/
United States;;https://store.steampowered.com/app/9200/RAGE/
United States;;https://store.steampowered.com/app/790540/THE_QUIET_MAN/
United States;;https://store.steampowered.com/app/1089130/Quake_II_RTX/
United States;;https://store.steampowered.com/app/2320/Quake_II/
United States;;https://store.steampowered.com/app/2310/Quake/
United States;;https://store.steampowered.com/app/643390/Pyre_Original_Soundtrack/
Chile;;https://store.steampowered.com/app/3352970/Anima_Fighters/
