Name;Country;Description;Thumbnail;Publisher_Names;Developer_Names;Platform;Release_Date;Genre;Steam_Link;Epic_Link;Playstation_Link;Xbox_Link;Switch_Link;GOG_Link
Anant Shrankhla;India;Anant Shrankhla is a first-person adventure game about a protagonist who falls into an unending journey through mysterious Indian landmarks and learns about the true purpose of his li...;https://shared.cloudflare.steamstatic.com/store_item_assets/steam/apps/2108080/header.jpg?t=1692336546;Insanity Crew Games;Insanity Crew Games;Windows;To be announced;Action, Adventure;https://store.steampowered.com/app/2108080/Anant_Shrankhla/;Unknown;Unknown;Unknown;Unknown;Unknown
Judgement Day;India;Judgment Day is a psychological horror puzzle-adventure game. Detective Roger Morgan is trapped in a twisted version of his partner Jack Clark’s home. Each puzzle he solves unravels...;https://shared.cloudflare.steamstatic.com/store_item_assets/steam/apps/3513680/b2d60fef47b447e8d7f8a836b2ee07d55e21822d/header.jpg?t=1742652931;Valor Studios;Valor Studios;Windows;To be announced;RPG, Strategy, Free To Play;https://store.steampowered.com/app/3513680/Judgement_Day/;Unknown;Unknown;Unknown;Unknown;Unknown
AUM The Game;India;AUM: The Game is an arena-based combat experience with deep RPG elements and unmatched customization. Master 5 fighting styles, harness elemental powers, and wield divine blessings to...;https://shared.cloudflare.steamstatic.com/store_item_assets/steam/apps/3371740/2573175c52902ff8ab1150fd405bb960a0f0da6e/header.jpg?t=1745010581;Brahman Studios;Brahman Studios;Windows;To be announced;Action, Indie, RPG, Strategy, Free To Play;https://store.steampowered.com/app/3371740/AUM_The_Game/;Unknown;Unknown;Unknown;Unknown;Unknown
Peaky Circus;India;When The Mime was a kid, his dad and most of his community was killed in a war but luckily his uncle helped him and his mother to escape the town. The mime was hiding in the woods and...;https://shared.cloudflare.steamstatic.com/store_item_assets/steam/apps/2067960/header.jpg?t=1739305041;Xod Games;Xod Games;Windows, macOS, SteamOS + Linux;To be announced;Action, Adventure, Indie;https://store.steampowered.com/app/2067960/Peaky_Circus/;Unknown;Unknown;Unknown;Unknown;Unknown
The Battle of Jhansi;India;The Battle of Jhansi (March 1858). It was fought between the British East India Company forces and the defenders of Jhansi, led by Rani Lakshmibai. Renowned for her bravery, Rani Laks...;https://shared.cloudflare.steamstatic.com/store_item_assets/steam/apps/3453100/header.jpg?t=1739871382;AbracaDabra Software Solutions;AbracaDabra Software Solutions;Windows;To be announced;Action, Adventure, Indie, Massively Multiplayer, RPG, Strategy;https://store.steampowered.com/app/3453100/The_Battle_of_Jhansi/;Unknown;Unknown;Unknown;Unknown;Unknown
Dominate the Skies;India;"""Dominate the Skies"" is a narrative-driven VR action arcade game where fast-paced racing meets intense aerial combat. Pilot cutting-edge anti-gravity vehicles, unravel a gripping stor...";https://shared.cloudflare.steamstatic.com/store_item_assets/steam/apps/3478260/header.jpg?t=1745238098;Blue Squirrel Studios;Blue Squirrel Studios;Windows;To be announced;Action, Adventure, Indie, Massively Multiplayer, Racing, Strategy;https://store.steampowered.com/app/3478260/Dominate_the_Skies/;Unknown;Unknown;Unknown;Unknown;Unknown
Battle Carnival - Multiplayer Fun;India;Battle Carnival - Multiplayer Fun is a fast-paced multiplayer game where you race to become the top shopkeeper. Choose from six characters, collect customers, steal crowds, and use po...;https://shared.cloudflare.steamstatic.com/store_item_assets/steam/apps/3323220/header.jpg?t=1735022646;Nilee Games and Future Technologies Pvt Ltd;Nilee Games and Future Technologies Pvt Ltd;Windows;To be announced;Action, Casual, Strategy, Free To Play;https://store.steampowered.com/app/3323220/Battle_Carnival__Multiplayer_Fun/;Unknown;Unknown;Unknown;Unknown;Unknown
Last Day Lockdown;India;"Bid farewell to the mundane and embrace the extraordinary as you step into ""Last Day Lockdown,"" a thrilling office escape puzzle that transforms your farewell into an unforgettable jo...";https://shared.cloudflare.steamstatic.com/store_item_assets/steam/apps/2646700/header.jpg?t=1733680720;Wrought_Studio;Wrought_Studio;Windows;To be announced;Indie;https://store.steampowered.com/app/2646700/Last_Day_Lockdown/;Unknown;Unknown;Unknown;Unknown;Unknown
Unsung Empires: The Cholas II Legacy of Rajendra Chola;India;Embark on an epic, narrative-driven adventure through India's greatest empire as King Rajendra Chola. Explore the meticulously crafted world of 11th-century Thanjavur, navigate intric...;https://shared.cloudflare.steamstatic.com/store_item_assets/steam/apps/2879790/header.jpg?t=1731496192;Ayelet Studio;Ayelet Studio;Windows;To be announced;Action, Adventure;https://store.steampowered.com/app/2879790/Unsung_Empires_The_Cholas_II_Legacy_of_Rajendra_Chola/;Unknown;Unknown;Unknown;Unknown;Unknown
Epsilon Protocol;India;Epsilon Protocol is a sci-fi turn-based tactics game with a rich story and refreshing visual style. Set in a reality where the Epsilon controls everything after they discovered light-...;https://shared.cloudflare.steamstatic.com/store_item_assets/steam/apps/3024320/header.jpg?t=1744905267;RI Game Studio;RI Game Studio;Windows;To be announced;Indie, RPG, Strategy;https://store.steampowered.com/app/3024320/Epsilon_Protocol/;Unknown;Unknown;Unknown;Unknown;Unknown
Destined Notes : The Written Fate;India;Unravel a chilling mystery as Daniel, a paranormal investigator with the ability to see the past of lost souls. Explore a haunted house, solve cryptic puzzles, and confront a sinister...;https://shared.cloudflare.steamstatic.com/store_item_assets/steam/apps/3612730/135775a0d95ae21d3d21253cb0e9c09a34b003ee/header.jpg?t=1743684423;Sherlock Studio Private Limited;Sherlock Studio Private Limited;Windows;To be announced;Action, Adventure, Indie, RPG, Simulation, Strategy;https://store.steampowered.com/app/3612730/Destined_Notes__The_Written_Fate/;Unknown;Unknown;Unknown;Unknown;Unknown
ASLO;India;Step into the shoes of Aslo, an adventurer on a mission to save his family's beach from debt. Start by selling coconuts and build a thriving beach resort chain. Explore oceans and isl...;https://shared.cloudflare.steamstatic.com/store_item_assets/steam/apps/3438970/header.jpg?t=1737597289;DopaMind Games Studios;DopaMind Games Studios;Windows;To be announced;Action, Adventure, Casual, Indie, Simulation, Strategy;https://store.steampowered.com/app/3438970/ASLO/;Unknown;Unknown;Unknown;Unknown;Unknown
Tale of Honor;India;Tale of Honor is a real-time, roguelike, deckbuilding chess adventure. Unlock new pieces, abilities and powerups through your unique runs & use them along with your wits to sneak thro...;https://shared.cloudflare.steamstatic.com/store_item_assets/steam/apps/2656580/cb5a7ac679ae7a70291b4b4dc8da162b7832e4c2/header.jpg?t=1744268799;Dunali Games;Dunali Games;Windows;To be announced;Adventure, Indie, Strategy;https://store.steampowered.com/app/2656580/Tale_of_Honor/;Unknown;Unknown;Unknown;Unknown;Unknown
ILAVATH : BATTLE ARENAS;India;ILAVATH, is a Team Based Strategy game that draws inspiration ancient legends of India. The war for Amruth (Elixir of Immortality) has disturbed the cosmic balance. To restore balance...;https://shared.cloudflare.steamstatic.com/store_item_assets/steam/apps/2678790/82879396404472035318c6e3f8faf3fd8fcf661b/header.jpg?t=1744356229;5th Ocean Studios Pvt. Ltd.;5th Ocean Studios Pvt. Ltd.;Windows;To be announced;Action, Adventure, Indie, RPG, Strategy;https://store.steampowered.com/app/2678790/ILAVATH__BATTLE_ARENAS/;Unknown;Unknown;Unknown;Unknown;Unknown
Flip Rally;India;Flip Rally combines thrilling racing with a unique flip mechanic, nail perfect flips for powerful boosts! Race through vibrant tracks, customize your car, and beat the clock in intens...;https://shared.cloudflare.steamstatic.com/store_item_assets/steam/apps/3561870/5011b2a7adaf30349197d0d9ef5eb0dea8b79c80/header.jpg?t=1745044289;Ash Dev Games;Ash Dev Games;Windows;To be announced;Action, Casual, Indie, Racing, Sports;https://store.steampowered.com/app/3561870/Flip_Rally/;Unknown;Unknown;Unknown;Unknown;Unknown
Bloodfire;India;A fast paced, old school arena shooter with satisfying movement and precise gunplay. Fight through endless legions of demons and become the undisputed champion of hell.;https://shared.cloudflare.steamstatic.com/store_item_assets/steam/apps/3584970/a2033f5e6107fd7c76412f1ab3386c186f33d43c/header.jpg?t=1744123481;Unquittable Studios;Unquittable Studios;Windows;To be announced;Action;https://store.steampowered.com/app/3584970/Bloodfire/;Unknown;Unknown;Unknown;Unknown;Unknown
Becoming Pablo;India;Becoming Pablo is a turn-based grand-strategy game where you build and lead a cartel empire. Conquer territories, manage your operation, and outsmart rivals in the gritty 70s-90s drug...;https://shared.cloudflare.steamstatic.com/store_item_assets/steam/apps/3145440/header.jpg?t=1744720455;Tentworks Interactive;Tentworks Interactive;Windows;To be announced;Strategy;https://store.steampowered.com/app/3145440/Becoming_Pablo/;Unknown;Unknown;Unknown;Unknown;Unknown
1000 Deaths (Thousand Deaths);India;1000 Deaths is a gravity-bending 3D platformer where your choices matter. What you choose defines the game's levels, mechanics, and story. Dash through platforming hubs and decide you...;https://shared.cloudflare.steamstatic.com/store_item_assets/steam/apps/1141260/header.jpg?t=1740420791;Pariah Interactive, Inc.;Pariah Interactive, Inc.;Windows;To be announced;Adventure, Casual, Indie;https://store.steampowered.com/app/1141260/1000_Deaths_Thousand_Deaths/;Unknown;Unknown;Unknown;Unknown;Unknown
Supercharged;India;"Prepare for ""Supercharged."" Do Parkour, forge platforms, and climb new heights with your unique gun. Outsmart enemies, solve challenges, and shatter the boundaries of reality. Embark ...";https://shared.cloudflare.steamstatic.com/store_item_assets/steam/apps/2551750/header.jpg?t=1744923230;Team Supercharged;Team Supercharged;Windows;To be announced;Action, Adventure, Indie, Strategy;https://store.steampowered.com/app/2551750/Supercharged/;Unknown;Unknown;Unknown;Unknown;Unknown
GOC-Streetz;India;"""Own the Streetz"" No teams, no rules—just pure chaos! Gods of Cricket: Streetz is a free-for-all multiplayer cricket game where every player fights for glory. Smash sixes over rooft...";https://shared.cloudflare.steamstatic.com/store_item_assets/steam/apps/3411800/4f57b7912d62d7705f113b300cbd268d3e483457/header.jpg?t=1744102251;Gods and Heros Studio Pvt Ltd;Gods and Heros Studio Pvt Ltd, Gods and Heros Studio Pvt Ltd;Windows;To be announced;Casual, Indie, Massively Multiplayer, RPG, Simulation, Sports, Strategy, Free To Play, Early Access;https://store.steampowered.com/app/3411800/GOCStreetz/;Unknown;Unknown;Unknown;Unknown;Unknown
Baoli;India;Arjun, a young man grappling with the mysterious disappearance of his brother and his own struggles with drug use, players must unravel the mystery behind his brother’s disappearanc...;https://shared.cloudflare.steamstatic.com/store_item_assets/steam/apps/3347710/6bab3682b1279444b689afac2bb3b7b896f70462/header.jpg?t=1745152007;Shader Labs Private Limited;Shader Labs Private Limited;Windows;To be announced;Indie;https://store.steampowered.com/app/3347710/Baoli/;Unknown;Unknown;Unknown;Unknown;Unknown
Aldian of Ancients;India;Aldian of Ancients is a dinosaur survival/simulation multiplayer game set in a prehistoric world. Fight for survival, explore to find the wonders the land hides and craft your own sto...;https://shared.cloudflare.steamstatic.com/store_item_assets/steam/apps/3202220/header.jpg?t=1736617377;Norian Games;Norian Games;Windows;To be announced;Action, Adventure, Indie, Simulation;https://store.steampowered.com/app/3202220/Aldian_of_Ancients/;Unknown;Unknown;Unknown;Unknown;Unknown
Hush Hush High;India;SHHH! Hold onto those secrets! Step into the mind of a gossip monger as she navigates through the corridors of her high school and help her resist the urge to share every tantalizing ...;https://shared.cloudflare.steamstatic.com/store_item_assets/steam/apps/2964000/header_alt_assets_0.jpg?t=1737963928;Bablabo Games;Bablabo Games, Hritik Dutta, Anushka Karmakar, Nimish Rohankar;Windows;To be announced;Casual, Indie, Strategy;https://store.steampowered.com/app/2964000/Hush_Hush_High/;Unknown;Unknown;Unknown;Unknown;Unknown
PinDrop: Escape The Room;India;PinDrop: Escape The Room is a brutal, one-sitting survival horror game where silence is your only weapon. Navigate dark, procedurally generated environments, outwit sound sensitive zo...;https://shared.cloudflare.steamstatic.com/store_item_assets/steam/apps/3032460/header.jpg?t=1737908717;Kyrel;Kyrel;Windows;To be announced;Indie, Simulation;https://store.steampowered.com/app/3032460/PinDrop_Escape_The_Room/;Unknown;Unknown;Unknown;Unknown;Unknown
Altered Anomalies;India;You are trapped in a nightmare on Mumbai's late-night local train. Shift between horrifying alternate dimensions as reality bends around you. Use your phone to scan, analyze, and solv...;https://shared.cloudflare.steamstatic.com/store_item_assets/steam/apps/3111740/header.jpg?t=1745300907;Dwarven Brothers;Dwarven Brothers;Windows;To be announced;Indie;https://store.steampowered.com/app/3111740/Altered_Anomalies/;Unknown;Unknown;Unknown;Unknown;Unknown
THE DARK ARRIVAL - SHADOWS OF THE PAST;India;In The Dark Arrival, Jacob, desperate for meaning, is drawn to Hollow Creek by a mysterious letter from his late grandfather. As he explores the eerie town, ghostly apparitions intens...;https://shared.cloudflare.steamstatic.com/store_item_assets/steam/apps/3295930/header.jpg?t=1744769074;VAULT PRODUCTIONS PVT LTD;VAULT PRODUCTIONS PVT LTD;Windows;To be announced;Action, Adventure, Indie;https://store.steampowered.com/app/3295930/THE_DARK_ARRIVAL__SHADOWS_OF_THE_PAST/;Unknown;Unknown;Unknown;Unknown;Unknown
Darkarta: A Broken Heart's Quest Collector's Edition;India;Haunted by strange curses from her orphanage days, Mary never knew the story of her dark past until that day. Enter the enchanted 'Netherworld' where your destiny was written in blood...;https://shared.cloudflare.steamstatic.com/store_item_assets/steam/apps/601530/a323838db90523ceffd9187232c2884b47e89481/header.jpg?t=1744336419;Tuttifrutti Interactive;Tuttifrutti Interactive;Windows, macOS, SteamOS + Linux;To be announced;Adventure, Casual, Indie;https://store.steampowered.com/app/601530/Darkarta_A_Broken_Hearts_Quest_Collectors_Edition/;Unknown;Unknown;Unknown;Unknown;Unknown
Sky Harvest;India;Armed with hand-me-down tools and some cash, you begin your new life as THE Chief Farmer, a position your grandfather once excelled in. Can you honor his legacy and transform the over...;https://shared.cloudflare.steamstatic.com/store_item_assets/steam/apps/2482840/d8da85f71b17388148ba6a5716eb3417655c6252/header.jpg?t=1741809280;GrabTheGames, Perfect Gen;Hamzah Kirmani;Windows;To be announced;Adventure, Casual, Indie, Simulation;https://store.steampowered.com/app/2482840/Sky_Harvest/;Unknown;Unknown;Unknown;Unknown;Unknown
Temple of Causality;India;Embark on a transcendental journey in Temple of Causality, a captivating puzzle game that melds ancient wisdom with intricate mechanics. Push interconnected blocks and guide Azura thr...;https://shared.cloudflare.steamstatic.com/store_item_assets/steam/apps/2677140/header.jpg?t=1708760111;GameEon Studios;GameEon Studios;Windows;To be announced;Casual, Indie, Strategy;https://store.steampowered.com/app/2677140/Temple_of_Causality/;Unknown;Unknown;Unknown;Unknown;Unknown
TWIN FLAMES;India;Team up in TWIN FLAMES, a co-op puzzle adventure! Guide Savitri & Satyavan through hex-grid challenges and a romantic tale in vibrant low poly worlds. Play solo or in local co-op. Wis...;https://shared.cloudflare.steamstatic.com/store_item_assets/steam/apps/3084560/f0fcf05bae3ab93afaf3f84cfe7bb3fc53edd22f/header.jpg?t=1745145675;Rudrac Games;Rudrac Games;Windows, macOS;To be announced;Adventure, Indie, Strategy;https://store.steampowered.com/app/3084560/TWIN_FLAMES/;Unknown;Unknown;Unknown;Unknown;Unknown
vaXinator;India;Defend the body in vaXinator, a fast-paced action roguelike! As the last white blood cell, unleash powerful abilities and antibodies to fight off waves of infections. Test your reflex...;https://shared.cloudflare.steamstatic.com/store_item_assets/steam/apps/3214380/header.jpg?t=1731605498;Anonvision;Anonvision;Windows;To be announced;Action, Casual, Indie;https://store.steampowered.com/app/3214380/vaXinator/;Unknown;Unknown;Unknown;Unknown;Unknown
Fears to Fathom - Woodbury Getaway;India;Sydney Harper, a 23-year-old working at a consulting firm plans a weekend getaway to a Woodbury rental with her college friends. Little did she know what was about to unfold during th...;https://shared.cloudflare.steamstatic.com/store_item_assets/steam/apps/2961530/header.jpg?t=1726757992;Rayll Studios;Rayll Studios;Windows;To be announced;Adventure, Casual, Indie;https://store.steampowered.com/app/2961530/Fears_to_Fathom__Woodbury_Getaway/;Unknown;Unknown;Unknown;Unknown;Unknown
Fears to Fathom - Ironbark Lookout;India;Jack Nelson, a 24-year-old fire lookout, transferred to a new outpost. As he settled into his new home, he couldn't shake the feeling that something was off, little did he know what w...;https://shared.cloudflare.steamstatic.com/store_item_assets/steam/apps/2506160/header.jpg?t=1726758180;Rayll Studios;Rayll Studios;Windows;To be announced;Adventure, Casual, Indie;https://store.steampowered.com/app/2506160/Fears_to_Fathom__Ironbark_Lookout/;Unknown;Unknown;Unknown;Unknown;Unknown
Appa;India;Appa is a Short Narrative Drive Rock Papers Scissor Style Strategic Card Game about Two siblings dealing with the death of their father.  You Play as Varun Exploring surreal nightmar...;https://shared.cloudflare.steamstatic.com/store_item_assets/steam/apps/3503500/header.jpg?t=1744580091;HeatDeathStudio;HeatDeathStudio;Windows;To be announced;Indie;https://store.steampowered.com/app/3503500/Appa/;Unknown;Unknown;Unknown;Unknown;Unknown
TAMASHIKA;India;the game is about keeping your mind at one place;https://shared.cloudflare.steamstatic.com/store_item_assets/steam/apps/2996080/ab2a27a70bc3fd4f020f64e69913a3fd21688be2/header.jpg?t=1741147459;EDGLRD;quicktequila;Windows;To be announced;Action, Indie;https://store.steampowered.com/app/2996080/TAMASHIKA/;Unknown;Unknown;Unknown;Unknown;Unknown
Core Trials;India;Core Trials is a motion-based, pixel-art bullet hell you play using just your webcam. Move your body to control the core, protect it, and survive intense trials. Immerse yourself in h...;https://shared.cloudflare.steamstatic.com/store_item_assets/steam/apps/2549160/header.jpg?t=1739860349;Ohilo Games;Ohilo Games;Windows, macOS;To be announced;Action, Casual, Indie, RPG, Early Access;https://store.steampowered.com/app/2549160/Core_Trials/;Unknown;Unknown;Unknown;Unknown;Unknown
Witchbound;India;Haunt the mansion, chase intruders and embrace the haunting, and defend your home from exorcism.;https://shared.cloudflare.steamstatic.com/store_item_assets/steam/apps/3394560/header.jpg?t=1738565544;Game Designverse;Creative Canvas Games;Windows;To be announced;Action, Indie;https://store.steampowered.com/app/3394560/Witchbound/;Unknown;Unknown;Unknown;Unknown;Unknown
Lenrual;India;Lenrual is a short game about trying to form connections and making friends. All narrative is expressed through play and interactions in this experimental piece.;https://shared.cloudflare.steamstatic.com/store_item_assets/steam/apps/3340160/header.jpg?t=1737481707;Jonathan Guite;Jonathan Guite;Windows;To be announced;Adventure, Casual, Indie;https://store.steampowered.com/app/3340160/Lenrual/;Unknown;Unknown;Unknown;Unknown;Unknown
Warbound;India;Build your ultimate battle deck and lead your armies in epic strategic warfare. Collect powerful cards, conquer rival kingdoms, and rise to become the greatest ruler in WARBOUND!;https://shared.cloudflare.steamstatic.com/store_item_assets/steam/apps/3119640/header.jpg?t=1740211282;Felicity Games;AbhiTechGames;Windows, macOS, SteamOS + Linux;To be announced;Strategy;https://store.steampowered.com/app/3119640/Warbound/;Unknown;Unknown;Unknown;Unknown;Unknown
Embers Off;India;Embers Off takes you to the most epic historical event in the times of World War II - the journey of the Indian National Army/Azaad Hind Fauj for their eminent ambition of acquiring I...;https://shared.cloudflare.steamstatic.com/store_item_assets/steam/apps/2543740/header.jpg?t=1700237451;IfThenElse Digital;IfThenElse Digital;Windows;To be announced;Action, Indie, RPG;https://store.steampowered.com/app/2543740/Embers_Off/;Unknown;Unknown;Unknown;Unknown;Unknown
KeyBound;India;Embark on a thrilling rogue-vania platformer adventure in a keyboard-inspired realm. Reclaim lost keys to restore your keyboard, each one bringing logic back to the realm. Explore int...;https://shared.cloudflare.steamstatic.com/store_item_assets/steam/apps/3070700/597a6b69b045e43c94179f4bbd93ca6b9b670249/header.jpg?t=1744661706;amnesea;amnesea;Windows;To be announced;Action, Adventure, Indie;https://store.steampowered.com/app/3070700/KeyBound/;Unknown;Unknown;Unknown;Unknown;Unknown
Bloom - a puzzle adventure;India;A block puzzle about chain reactions and a puppy with a bizarre love for berries.;https://shared.cloudflare.steamstatic.com/store_item_assets/steam/apps/3300090/header.jpg?t=1741970362;Lucid Labs;Lucid Labs;Windows, macOS, SteamOS + Linux;To be announced;Adventure, Casual, Indie, Strategy, Free To Play;https://store.steampowered.com/app/3300090/Bloom__a_puzzle_adventure/;Unknown;Unknown;Unknown;Unknown;Unknown
Possessions;India;What if the solution isn’t what you see, but how you see it? In Possessions, perspective is the key to solving mind-bending puzzles. Rotate objects, shift your view, and uncover a s...;https://shared.cloudflare.steamstatic.com/store_item_assets/steam/apps/3384920/header.jpg?t=1745000770;Lucid Labs;Lucid Labs;Windows, macOS, SteamOS + Linux;To be announced;Adventure, Casual, Indie, Simulation;https://store.steampowered.com/app/3384920/Possessions/;Unknown;Unknown;Unknown;Unknown;Unknown
kapih;India;Kapih is a classic run-'n'-gun shooter platformer, with action packed levels and boss battles. The visuals and music are inspired by the many lost in time art-styles of India. We foll...;https://shared.cloudflare.steamstatic.com/store_item_assets/steam/apps/3337060/header.jpg?t=1744723593;88 Games;88 Games;Windows;To be announced;Action, Adventure;https://store.steampowered.com/app/3337060/kapih/;Unknown;Unknown;Unknown;Unknown;Unknown
Bao Bao's Cozy Laundromat;India;Relax in Bao Bao’s Cozy Laundromat, an idle game where you join Bao Bao, a charming panda, in creating the coziest laundromat. Purchase colorful washing machines, add delightful dec...;https://shared.cloudflare.steamstatic.com/store_item_assets/steam/apps/3194550/header.jpg?t=1742046811;Destroyer Doggo;Destroyer Doggo;Windows, macOS;To be announced;Casual, Indie, Simulation, Strategy;https://store.steampowered.com/app/3194550/Bao_Baos_Cozy_Laundromat/;Unknown;Unknown;Unknown;Unknown;Unknown
The Ecdysis;India;The Ecdysis is an episodic Action/ Adventure game that immerses players in the life of Robin Jr., a professional photographer, guiding them through the thrilling adventures and enigma...;https://shared.cloudflare.steamstatic.com/store_item_assets/steam/apps/1842880/header.jpg?t=1704457461;Hari prasath;Hari prasath;Windows;To be announced;Action, Adventure, Indie;https://store.steampowered.com/app/1842880/The_Ecdysis/;Unknown;Unknown;Unknown;Unknown;Unknown
Spook-A-Boo;India;Spook-A-Boo is a ghost-hunting couch co-op game for one to four players. Team up with friends and family to locate and capture sneaky ghosts hiding in plain sight. It’s a perfect mi...;https://shared.cloudflare.steamstatic.com/store_item_assets/steam/apps/3154150/header.jpg?t=1745158772;Wala Interactive;Wala Interactive;Windows;To be announced;Action, Casual, Indie;https://store.steampowered.com/app/3154150/SpookABoo/;Unknown;Unknown;Unknown;Unknown;Unknown
Galactic Super Station;India;Galactic Super Station is a City Builder and Colony Sim game about building and running your very own space station. Cater to civilians and outlaws alike, defend your station from hos...;https://shared.cloudflare.steamstatic.com/store_item_assets/steam/apps/2618970/header.jpg?t=1735313686;Black March Studios;Black March Studios;Windows;To be announced;Simulation, Strategy;https://store.steampowered.com/app/2618970/Galactic_Super_Station/;Unknown;Unknown;Unknown;Unknown;Unknown
Abashed;India;Abashed lets you step into the troubled mind of Issac, as the fragments of his past flash before his eyes. Solve puzzles, meet mysterious characters, and alter reality as he faces his...;https://shared.cloudflare.steamstatic.com/store_item_assets/steam/apps/3116230/header.jpg?t=1744645800;Supantha Paul;Supantha Paul;Windows;To be announced;Adventure, Indie;https://store.steampowered.com/app/3116230/Abashed/;Unknown;Unknown;Unknown;Unknown;Unknown
Palm Sugar: A Village Story;India;In Palm Sugar, you play as Srinu, a young and resolute boy. Your beloved village has been taken over by a vicious drug cartel. Go on a perilous journey across South India and dive int...;https://shared.cloudflare.steamstatic.com/store_item_assets/steam/apps/2778220/header.jpg?t=1730793026;Mono Tusk Studios;Mono Tusk Studios;Windows;To be announced;Indie, RPG;https://store.steampowered.com/app/2778220/Palm_Sugar_A_Village_Story/;Unknown;Unknown;Unknown;Unknown;Unknown
Ghost Yantra;India;Ghost Yantra is a stylish hand-drawn Hack’n'Slash game with fluid Parkour mechanics, set in an Indian Cyberpunk city. Embark on a journey as Narak, a gun for hire, who after failing...;https://shared.cloudflare.steamstatic.com/store_item_assets/steam/apps/2872630/header.jpg?t=1745069586;Rekaal Games;Rekaal Games;Windows;To be announced;Action, Indie;https://store.steampowered.com/app/2872630/Ghost_Yantra/;Unknown;Unknown;Unknown;Unknown;Unknown
The Palace on the Hill;India;A heartfelt story of ambition, struggle, and friendship told from the perspective of a young boy in fictional 90s rural India. Explore ancient palace ruins, set up your garden, cook I...;https://shared.cloudflare.steamstatic.com/store_item_assets/steam/apps/2562620/1500873fa016ea04387e46f3e8939bf047b9017c/header_alt_assets_0.jpg?t=1741025912;Niku Games;Niku Games;Windows, macOS;To be announced;Adventure, Casual, Indie, RPG;https://store.steampowered.com/app/2562620/The_Palace_on_the_Hill/;Unknown;Unknown;Unknown;Unknown;Unknown
Zen Quest;India;Zen Quest is a relaxing mindfulness game where you design Zen gardens, learn meditation, partake in mindfulness activities, and explore enchanting spirit worlds.;https://shared.cloudflare.steamstatic.com/store_item_assets/steam/apps/2660110/header.jpg?t=1736053916;Dwarven Brothers;Dwarven Brothers;Windows;To be announced;Casual, Indie, Simulation;https://store.steampowered.com/app/2660110/Zen_Quest/;Unknown;Unknown;Unknown;Unknown;Unknown
Campfire Stories : Episode 1;India;Embark on an enchanting narrative-driven adventure across two worlds. Explore, solve puzzles, and save your family in this mild action platformer. Vibrant visuals inspired by classic ...;https://shared.cloudflare.steamstatic.com/store_item_assets/steam/apps/2544640/4167e088c99bd043af661956afd53cc34bb2d0d1/header.jpg?t=1744992434;Studiocupcakes;Studiocupcakes;Windows;To be announced;Action, Adventure, Indie;https://store.steampowered.com/app/2544640/Campfire_Stories__Episode_1/;Unknown;Unknown;Unknown;Unknown;Unknown
Gourdlets;India;An easygoing sandbox game about building towns for cute vegetable folks. Create your perfect community then watch as the gourdlets make themselves at home. No objectives, no points, j...;https://shared.cloudflare.steamstatic.com/store_item_assets/steam/apps/2013730/header.jpg?t=1744983663;Future Friends Games, AuntyGames;AuntyGames;Windows, macOS, SteamOS + Linux;To be announced;Casual, Indie, Simulation;https://store.steampowered.com/app/2013730/Gourdlets/;Unknown;Unknown;Unknown;Unknown;Unknown
MegaBlasters!;India;Get ready to laugh and blast through 100 physics-based maps in this comedic multiplayer FPS game. With wacky weapons and fast-paced action, it's a hilarious and explosive experience f...;https://shared.cloudflare.steamstatic.com/store_item_assets/steam/apps/2071420/header.jpg?t=1724843418;ClusterFame Games;ClusterFame Games;Windows, SteamOS + Linux;To be announced;Action, Casual, Indie;https://store.steampowered.com/app/2071420/MegaBlasters/;Unknown;Unknown;Unknown;Unknown;Unknown
Rot In Hell;India;"Rot In Hell is an action adventure game that draws inspiration from souls like genre. Rot in Hell"" offers players a harrowing journey through a twisted world as Damien, the tormented ...";https://shared.cloudflare.steamstatic.com/store_item_assets/steam/apps/2701500/header.jpg?t=1732092065;REDDEVIL STUDIO;REDDEVIL STUDIO;Windows;To be announced;Action, Adventure, Indie;https://store.steampowered.com/app/2701500/Rot_In_Hell/;Unknown;Unknown;Unknown;Unknown;Unknown
Sojourn Past;India;Dash, dodge, teleport, and fight your way through hellish bullets and challenging enemies. Explore beautiful handcrafted landscapes, embark on a mysterious journey and discover the se...;https://shared.cloudflare.steamstatic.com/store_item_assets/steam/apps/2876290/f624f5403bbb68ed786e5db69531c637497da78c/header.jpg?t=1745322006;ReDimension;ReDimension;Windows;To be announced;Action, Adventure, Indie;https://store.steampowered.com/app/2876290/Sojourn_Past/;Unknown;Unknown;Unknown;Unknown;Unknown
Mercenary Battle Company: The Reapers;India;Join the race for Ether! Mercenary Battle Company: The Reapers is a fast-paced, roguelite, bullet heaven game in a sci-fi setting. Choose your pilots, customize and upgrade your Mecha...;https://shared.cloudflare.steamstatic.com/store_item_assets/steam/apps/2612870/header.jpg?t=1726828160;Black March Studios;Black March Studios;Windows;To be announced;Action, Casual, Indie;https://store.steampowered.com/app/2612870/Mercenary_Battle_Company_The_Reapers/;Unknown;Unknown;Unknown;Unknown;Unknown
Frontier Paladin;India;Action-tower defense and RPG. Defend your castle against waves of evil. Go on quests to discover powerful lost artifacts, recruit helpers, and choose between powerful Blessings. Can y...;https://shared.cloudflare.steamstatic.com/store_item_assets/steam/apps/2804970/header.jpg?t=1745397290;Singular Scheme;Singular Scheme;Windows;To be announced;Action, Adventure, RPG, Strategy;https://store.steampowered.com/app/2804970/Frontier_Paladin/;Unknown;Unknown;Unknown;Unknown;Unknown
KAMLA;India;Find a way out of an old mansion as a priest, you have been tasked to exorcise a woman who has been possessed. Solve puzzles and complete objectives to cure her demonic possession in ...;https://shared.cloudflare.steamstatic.com/store_item_assets/steam/apps/2585270/header.jpg?t=1730719468;Mad-Mantra Games;Mad-Mantra Games;Windows, macOS;To be announced;Action, Adventure;https://store.steampowered.com/app/2585270/KAMLA/;Unknown;Unknown;Unknown;Unknown;Unknown
Aatral;India;In ancient India, King Vallaan ventures to an infected Eng Empire to rescue his queen, Alli. Evil powers and creatures control the land. Can Vallaan overcome the darkness and save his...;https://shared.cloudflare.steamstatic.com/store_item_assets/steam/apps/2539730/header.jpg?t=1731641113;Exio Entertainments;Exio Entertainments;Windows;To be announced;Action, Adventure;https://store.steampowered.com/app/2539730/Aatral/;Unknown;Unknown;Unknown;Unknown;Unknown
Cosmic Race: Galactic Showdown;India;Cosmic Race is a sci-fi Combat Racing game inspired by retro arcade racers. Race across vibrant alien worlds, defeat opponents in destruction-rich environments, and become the Cosmic ...;https://shared.cloudflare.steamstatic.com/store_item_assets/steam/apps/2475170/header.jpg?t=1745273544;Psypher Interactive;Psypher Interactive;Windows;To be announced;Indie, Racing;https://store.steampowered.com/app/2475170/Cosmic_Race_Galactic_Showdown/;Unknown;Unknown;Unknown;Unknown;Unknown
The Last King;India;Command a fearless Greek army against Persian invasion. Recruit, train, and promote your army. Build marching camp, resource gathering stations, trade outposts and REBUILD your razed ...;https://shared.cloudflare.steamstatic.com/store_item_assets/steam/apps/2307400/header.jpg?t=1743587666;Mayawi software;Mayawi software;Windows;To be announced;Action, RPG, Strategy, Early Access;https://store.steampowered.com/app/2307400/The_Last_King/;Unknown;Unknown;Unknown;Unknown;Unknown
Detective Dotson;India;A cozy mystery game about a detective with Bollywood dreams. It's the first adventure game set in the colorful streets of India. Engage with adorable 2D characters living in a 3D worl...;https://shared.cloudflare.steamstatic.com/store_item_assets/steam/apps/2450840/header.jpg?t=1745352726;Masala Games Private Limited;Masala Games Private Limited;Windows, macOS, SteamOS + Linux;To be announced;Adventure, Casual;https://store.steampowered.com/app/2450840/Detective_Dotson/;Unknown;Unknown;Unknown;Unknown;Unknown
1971: Indian Naval Front;India;Learn about the biggest naval conflict since WWII. Third-person vehicular combat game based on 1971 India-Pakistan war. Conduct missions based on actual events. Control naval units in...;https://shared.cloudflare.steamstatic.com/store_item_assets/steam/apps/957950/header.jpg?t=1729254812;Neosphere Interactive Studios;Neosphere Interactive Studios;Windows;To be announced;Action;https://store.steampowered.com/app/957950/1971_Indian_Naval_Front/;Unknown;Unknown;Unknown;Unknown;Unknown
I Can Human;India;A hand-drawn platformer where we play as Thuppel the robot, trying to pass off as a human. Learn emotions using powerups across several mini-stories involving different characters and...;https://shared.cloudflare.steamstatic.com/store_item_assets/steam/apps/1759910/header.jpg?t=1735065226;Nalloru Studio;Nalloru Studio;Windows, macOS, SteamOS + Linux;To be announced;Action, Adventure, Indie;https://store.steampowered.com/app/1759910/I_Can_Human/;Unknown;Unknown;Unknown;Unknown;Unknown
Fishbowl;India;Fishbowl is a slice of life, coming of age story told over a month. Video call loved ones, work from home, sort through puzzles to rediscover childhood memories, do care tasks and get...;https://shared.cloudflare.steamstatic.com/store_item_assets/steam/apps/1638070/header.jpg?t=1744719415;imissmyfriends.studio;imissmyfriends.studio;Windows, macOS, SteamOS + Linux;To be announced;Casual, Indie, RPG;https://store.steampowered.com/app/1638070/Fishbowl/;Unknown;Unknown;Unknown;Unknown;Unknown
Mechanical Fury;India;Grapple, Kick, DESTROY with Mechanical Fury: a fast paced movement shooter full of Bloodthirsty Mechs, Vertical Arenas, and a Banger Soundtrack!;https://shared.cloudflare.steamstatic.com/store_item_assets/steam/apps/2334150/header.jpg?t=1744902402;Avian Hearts;Avian Hearts;Windows, macOS, SteamOS + Linux;To be announced;Action, Adventure;https://store.steampowered.com/app/2334150/Mechanical_Fury/;Unknown;Unknown;Unknown;Unknown;Unknown
Laser Tanks;India;Laser Tanks is a fast-paced top down shooter game where you battle against alien monsters across diverse environments using weapons and laser tanks. The game features wild monsters, n...;https://shared.cloudflare.steamstatic.com/store_item_assets/steam/apps/2309830/header.jpg?t=1739114458;AbhiTechGames;AbhiTechGames;Windows, macOS, SteamOS + Linux;To be announced;Action, Adventure, Indie, RPG;https://store.steampowered.com/app/2309830/Laser_Tanks/;Unknown;Unknown;Unknown;Unknown;Unknown
Spirit of the Backwaters;India;Get your spirits high and tap into the joys of rural life in this 'Toddy-Tapping' sim! Climb Coconut trees, brew quality Toddy (Palm wine) and turn the local toddy shop into the Backw...;https://shared.cloudflare.steamstatic.com/store_item_assets/steam/apps/2343700/header.jpg?t=1681847013;RuralBandit;RuralBandit;Windows;To be announced;Casual, Indie, RPG, Simulation, Strategy;https://store.steampowered.com/app/2343700/Spirit_of_the_Backwaters/;Unknown;Unknown;Unknown;Unknown;Unknown
renderB;India;An unguided, free-to-roam, seamless, VR experience, centered around product and architecture visualization. Supports both VR and 2D modes. (renderB does NOT feature audio and is NOT a...;https://shared.cloudflare.steamstatic.com/store_item_assets/steam/apps/1706390/header.jpg?t=1637728090;Atman Software;Atman Software;Windows;To be announced;Casual, Simulation;https://store.steampowered.com/app/1706390/renderB/;Unknown;Unknown;Unknown;Unknown;Unknown
BLR80;India;A sci-fi action VR game where you play a fugitive who has taken it upon himself to stop the OJI corporation from turning humans into mindless drones. BLR80 combines sights and sounds ...;https://shared.cloudflare.steamstatic.com/store_item_assets/steam/apps/1428530/header.jpg?t=1677033750;Atman Software;Atman Software;Windows;To be announced;Action, Indie;https://store.steampowered.com/app/1428530/BLR80/;Unknown;Unknown;Unknown;Unknown;Unknown
Konkan Coast Pirate Solutions;India;A cozy puzzle game about helping pirate ships do pirate things. Set up the simulations. Watch how the ships behave. Explore how the systems interact.;https://shared.cloudflare.steamstatic.com/store_item_assets/steam/apps/2156410/header.jpg?t=1678072923;chapliboy;chapliboy;Windows;To be announced;Casual, Indie;https://store.steampowered.com/app/2156410/Konkan_Coast_Pirate_Solutions/;Unknown;Unknown;Unknown;Unknown;Unknown
Occult Chambers;India;Occult Chambers is a third-person action-horror game set in the India, where players follow protagonist Dhruv on his quest to find his missing father. Along the way, he uncovers a sin...;https://shared.cloudflare.steamstatic.com/store_item_assets/steam/apps/2277830/header.jpg?t=1744898781;BornMonkie;BornMonkie;Windows;To be announced;Action, Indie;https://store.steampowered.com/app/2277830/Occult_Chambers/;Unknown;Unknown;Unknown;Unknown;Unknown
Fears to Fathom - Carson House;India;Noah Baker, an 18 year old highschooler experiences unsettling occurrences while house-sitting for a media personality, little did he know what was about to unfold that night.;https://shared.cloudflare.steamstatic.com/store_item_assets/steam/apps/2120900/header.jpg?t=1726758270;Rayll;Rayll;Windows;To be announced;Adventure, Casual, Indie;https://store.steampowered.com/app/2120900/Fears_to_Fathom__Carson_House/;Unknown;Unknown;Unknown;Unknown;Unknown
Winds Of Arcana: Ruination;India;Become the ultimate warrior mage. Find Legendary Weapons and Devastating Powers to create the perfect build as you search for your old mercenary comrades in a cursed land. Encounter d...;https://shared.cloudflare.steamstatic.com/store_item_assets/steam/apps/2201910/f1cd4d6284bfe15d9d3117ebe545feffe1a74035/header.jpg?t=1745383367;Brewed Games;Brewed Games;Windows, macOS;To be announced;Action, Adventure, RPG;https://store.steampowered.com/app/2201910/Winds_Of_Arcana_Ruination/;Unknown;Unknown;Unknown;Unknown;Unknown
Artifice: War Tactics;India;Artifice: War Tactics is a turn-based roguelike where enemies show their next move. Evade, strike, and combo with your champions to flip the battlefield in your favor.;https://shared.cloudflare.steamstatic.com/store_item_assets/steam/apps/1359730/header.jpg?t=1744895451;Silvine Game Studios;Silvine Game Studios;Windows;To be announced;Indie, Strategy;https://store.steampowered.com/app/1359730/Artifice_War_Tactics/;Unknown;Unknown;Unknown;Unknown;Unknown
Noah in a Dream;India;A single-player 3rd-person action-adventure game. Play as a boy who finds himself in a dream trying to reach school on time through a fantasy forest.;https://shared.cloudflare.steamstatic.com/store_item_assets/steam/apps/2214440/header.jpg?t=1704957757;Oreolabs private limited;Oreolabs private limited;Windows;To be announced;Action, Adventure, Casual, Indie;https://store.steampowered.com/app/2214440/Noah_in_a_Dream/;Unknown;Unknown;Unknown;Unknown;Unknown
Beat the Beat Up!;India;"""Beat the Beat Up!"" is a VR action/rhythm game, where you fight to the beat as the star of your very own Bollywood blockbuster! Do you have what it takes to save this movie?";https://shared.cloudflare.steamstatic.com/store_item_assets/steam/apps/1620020/header.jpg?t=1651609923;Juggernaut Entertainment;Juggernaut Entertainment;Windows;To be announced;Action, Indie;https://store.steampowered.com/app/1620020/Beat_the_Beat_Up/;Unknown;Unknown;Unknown;Unknown;Unknown
Global Steel;India;Global Steel is a 2D run-and-gun video game inspired by Saturday-morning cartoons from the 80s.;https://shared.cloudflare.steamstatic.com/store_item_assets/steam/apps/1073970/header.jpg?t=1705981665;Macondo Games;Macondo Games;Windows;To be announced;Action, Adventure, Indie;https://store.steampowered.com/app/1073970/Global_Steel/;Unknown;Unknown;Unknown;Unknown;Unknown
Crops and Conveyors;India;Crops and Conveyors is a cozy sandbox game about building a cute automated farm to produce and ship various items in increasing quantities and quality.;https://shared.cloudflare.steamstatic.com/store_item_assets/steam/apps/1810900/header.jpg?t=1733812878;WonkyEars;WonkyEars;Windows, macOS, SteamOS + Linux;To be announced;Indie, Simulation;https://store.steampowered.com/app/1810900/Crops_and_Conveyors/;Unknown;Unknown;Unknown;Unknown;Unknown
Kurukshetra: Ascension;India;Test your skills in an all-new strategic card battler. Master swift positioning with melee and ranged rows. Plan your path to victory in the dead of night. Explore a deeply rooted uni...;https://shared.cloudflare.steamstatic.com/store_item_assets/steam/apps/1857540/header.jpg?t=1730896089;Studio Sirah;Studio Sirah;Windows;To be announced;Adventure, RPG, Strategy, Free To Play, Early Access;https://store.steampowered.com/app/1857540/Kurukshetra_Ascension/;Unknown;Unknown;Unknown;Unknown;Unknown
Mayu: Last of the Yaksha;India;An exploration-driven adventure RPG set in Ancient India about a young demi-god and his animal sidekicks. Use your jungle detective skills to discover hidden paths, track down mysteri...;https://shared.cloudflare.steamstatic.com/store_item_assets/steam/apps/1587830/header.jpg?t=1686995243;Roach Interactive;Roach Interactive;Windows;To be announced;Adventure, Indie, RPG;https://store.steampowered.com/app/1587830/Mayu_Last_of_the_Yaksha/;Unknown;Unknown;Unknown;Unknown;Unknown
Fears to Fathom - Norwood Hitchhike;India;Holly Gardner, a 19 year old on an interstate drive experiences unusual happenings that leads to an unplanned stay at a motel, little did she know what was transpiring down in Norwood...;https://shared.cloudflare.steamstatic.com/store_item_assets/steam/apps/1763050/header.jpg?t=1726758353;Rayll;Rayll;Windows;To be announced;Adventure, Casual, Indie;https://store.steampowered.com/app/1763050/Fears_to_Fathom__Norwood_Hitchhike/;Unknown;Unknown;Unknown;Unknown;Unknown
Fears to Fathom - Home Alone;India;Fears to Fathom is an episodic psychological horror game where each episode unveils a short story narrated by the ones who survived.;https://shared.cloudflare.steamstatic.com/store_item_assets/steam/apps/1671340/header.jpg?t=1726758405;Rayll;Rayll;Windows;To be announced;Adventure, Casual, Indie, Free To Play;https://store.steampowered.com/app/1671340/Fears_to_Fathom__Home_Alone/;Unknown;Unknown;Unknown;Unknown;Unknown
The Last Bastion;India;The Last Bastion is a survival-management game where you lead an army of defeated soldiers across a setting inspired by medieval India. Fight overwhelming forces, manage dwindling res...;https://shared.cloudflare.steamstatic.com/store_item_assets/steam/apps/1520880/header.jpg?t=1655290505;Voidpeak Games;Voidpeak Games;Windows;To be announced;Indie, Strategy;https://store.steampowered.com/app/1520880/The_Last_Bastion/;Unknown;Unknown;Unknown;Unknown;Unknown
The Demons of Truth;India;The Demons of Truth is an action-adventure, open-world role-playing game set in an Ancient Time.;https://shared.cloudflare.steamstatic.com/store_item_assets/steam/apps/1638270/header.jpg?t=1669373309;GamerGage Studio;GamerGage Studio;Windows;To be announced;Action, Adventure, Indie;https://store.steampowered.com/app/1638270/The_Demons_of_Truth/;Unknown;Unknown;Unknown;Unknown;Unknown
City Block Builder;India;Experience a beautiful tycoon management style game that allows you to build your own business empire in Los Angeles during the 1950s era. Manage businesses ranging from Movie Theater...;https://shared.cloudflare.steamstatic.com/store_item_assets/steam/apps/1191800/header.jpg?t=1660731516;Tentworks Interactive;Tentworks Interactive;Windows;To be announced;Indie, Simulation, Strategy, Early Access;https://store.steampowered.com/app/1191800/City_Block_Builder/;Unknown;Unknown;Unknown;Unknown;Unknown
Crimson Tactics: The Rise of The White Banner;India;Crimson Tactics: The Rise of The White Banner brings you an epic adventure in the form of a turn-based tactical RPG. Set in a medieval high fantasy world, witness a massive political ...;https://shared.cloudflare.steamstatic.com/store_item_assets/steam/apps/1480810/header.jpg?t=1726828098;Black March Studios;Black March Studios;Windows;To be announced;RPG, Strategy;https://store.steampowered.com/app/1480810/Crimson_Tactics_The_Rise_of_The_White_Banner/;Unknown;Unknown;Unknown;Unknown;Unknown
Speedy Gun Savage;India;Speedy Gun Savage is a first person shooter VR game where Wolf, the hero of the game is an intergalactical bounty hunter and travels to different planets to collect bounties. The game...;https://shared.cloudflare.steamstatic.com/store_item_assets/steam/apps/1530370/header.jpg?t=1623676987;Gamitronics;Gamitronics;Windows;To be announced;Action, Adventure, Indie, Early Access;https://store.steampowered.com/app/1530370/Speedy_Gun_Savage/;Unknown;Unknown;Unknown;Unknown;Unknown
Abyss of Neptune;India;Abyss of Neptune is a survival horror game set in the deep seas of the Bermuda Triangle. You are sent to investigate a mysterious underwater signal, but there is more to it than meets...;https://shared.cloudflare.steamstatic.com/store_item_assets/steam/apps/1562020/header.jpg?t=1680124491;Synodic Arc;Abyssmal Games, Synodic Arc;Windows;To be announced;Action, Adventure, Free To Play, Indie;https://store.steampowered.com/app/1562020/Abyss_of_Neptune/;Unknown;Unknown;Unknown;Unknown;Unknown
Venba;India;Venba is a short narrative cooking game, where you play as an Indian mom who immigrates to Canada with her family in the 1980s. Cook various dishes and restore lost recipes, hold bran...;https://shared.cloudflare.steamstatic.com/store_item_assets/steam/apps/1491670/header.jpg?t=1741024412;Visai Games;Visai Games;Windows;To be announced;;https://store.steampowered.com/app/1491670/Venba/;Unknown;Unknown;Unknown;Unknown;Unknown
The Palace on the Hill Prologue;India;A slice-of-life adventure game set in fictional 90s rural India. Explore ancient palace ruins, set up your garden, cook Indian food, run errands for quirky characters, and learn about...;https://shared.cloudflare.steamstatic.com/store_item_assets/steam/apps/1582600/header.jpg?t=1713246187;Niku Games;Niku Games;Windows, macOS;To be announced;Adventure, Indie, RPG, Simulation;https://store.steampowered.com/app/1582600/The_Palace_on_the_Hill_Prologue/;Unknown;Unknown;Unknown;Unknown;Unknown
Mumbai Gullies;India;Come and experience a thrilling and exciting story based in Mumbai, the city of dreams!;https://shared.cloudflare.steamstatic.com/store_item_assets/steam/apps/1569890/header.jpg?t=1709981409;GameEon Studios;GameEon Studios;Windows;To be announced;Action, Adventure, Racing, RPG;https://store.steampowered.com/app/1569890/Mumbai_Gullies/;Unknown;Unknown;Unknown;Unknown;Unknown
MUKTI;India;Mukti is a first-person exploration game set against the rich tapestry of Indian heritage, offering players a deep dive into a mystery that bridges the past with the present.;https://shared.cloudflare.steamstatic.com/store_item_assets/steam/apps/760250/header.jpg?t=1741111181;underDOGS Studio;underDOGS Studio;Windows;To be announced;Adventure, Indie;https://store.steampowered.com/app/760250/MUKTI/;Unknown;Unknown;Unknown;Unknown;Unknown
METEORA;India;BE A METEOR in a constant race for survival in a young and chaotic universe by dodging, chasing & taking down other meteors in METEORA. Power up, strategize and put your skills to the...;https://shared.cloudflare.steamstatic.com/store_item_assets/steam/apps/1155220/header.jpg?t=1677259574;Big Boot Games LLP;Big Boot Games LLP;Windows;To be announced;Action, Casual, Indie, Racing;https://store.steampowered.com/app/1155220/METEORA/;Unknown;Unknown;Unknown;Unknown;Unknown
Brocula;India;Embark on an enchanting journey as Brocula, a vampire awakening after centuries. Earn money through part-time jobs, explore the town, salvage your castle, and enhance your vampire ski...;https://shared.cloudflare.steamstatic.com/store_item_assets/steam/apps/1364740/header.jpg?t=1728217766;Destroyer Doggo;Destroyer Doggo;Windows, macOS, SteamOS + Linux;To be announced;Adventure, Indie, RPG, Simulation, Strategy;https://store.steampowered.com/app/1364740/Brocula/;Unknown;Unknown;Unknown;Unknown;Unknown
Chopper To Hell;India;Chopper To Hell is a top down twin stick shooter, where big and large spiders are coming in via portals and your job is to kill them all.;https://shared.cloudflare.steamstatic.com/store_item_assets/steam/apps/1061790/header.jpg?t=1725713469;Destroyer Doggo;Destroyer Doggo;Windows, macOS;To be announced;Action, Casual, Indie;https://store.steampowered.com/app/1061790/Chopper_To_Hell/;Unknown;Unknown;Unknown;Unknown;Unknown
Raji: An Ancient Epic;India;Raji: An Ancient Epic is an action-adventure game set in ancient India. A young girl named Raji has been chosen by the gods to stand against the demonic invasion of the human realm. H...;https://shared.cloudflare.steamstatic.com/store_item_assets/steam/apps/730390/763ed2196c07a1ed6348f0f4b97a5aff990b3d14/header.jpg?t=1744995676;Nodding Heads Games;Nodding Heads Games;Windows;To be announced;Action, Adventure, Indie;https://store.steampowered.com/app/730390/Raji_An_Ancient_Epic/;Unknown;Unknown;Unknown;Unknown;Unknown
Bot Rods;India;Bot Rods is a family-friendly arcade style racing game with adorable characters and bots, racing around a futuristic world. Use power-ups, weapons & shortcuts to pilot your way to the...;https://shared.cloudflare.steamstatic.com/store_item_assets/steam/apps/913730/header.jpg?t=1745037890;Bot Rods;Holy Cow Productions, The Cirqus, Hobo Interactive;Windows;To be announced;Casual, Indie, Racing;https://store.steampowered.com/app/913730/Bot_Rods/;Unknown;Unknown;Unknown;Unknown;Unknown
Mystic Pillars: A Story-Based Puzzle Game;India;Mystic Pillars is an original blend of intriguing puzzles and an immersive storyline set in Ancient India, providing you with a unique gameplay experience.;https://shared.cloudflare.steamstatic.com/store_item_assets/steam/apps/1197030/header.jpg?t=1667988174;Holy Cow Productions;Holy Cow Productions;Windows;To be announced;Adventure, Casual, Indie;https://store.steampowered.com/app/1197030/Mystic_Pillars_A_StoryBased_Puzzle_Game/;Unknown;Unknown;Unknown;Unknown;Unknown
The Indifferent Wonder of an Edible Place;India;The Indifferent Wonder of an Edible Place is a story about a building eater consuming a tower in a town condemned to be removed from history. It ponders the violence of erasure and th...;https://shared.cloudflare.steamstatic.com/store_item_assets/steam/apps/1249300/header.jpg?t=1618908025;Studio Oleomingus;Studio Oleomingus;Windows, macOS, SteamOS + Linux;To be announced;Adventure, Casual, Free To Play, Indie;https://store.steampowered.com/app/1249300/The_Indifferent_Wonder_of_an_Edible_Place/;Unknown;Unknown;Unknown;Unknown;Unknown
In the Pause Between the Ringing;India;In the Pause between the Ringing is a rumination about completion, about territorial margins and about the haunting of bodies and memories that are translated across borders. It is an...;https://shared.cloudflare.steamstatic.com/store_item_assets/steam/apps/1048570/header.jpg?t=1618908515;Studio Oleomingus;Studio Oleomingus;Windows, macOS, SteamOS + Linux;To be announced;Adventure, Casual, Free To Play, Indie;https://store.steampowered.com/app/1048570/In_the_Pause_Between_the_Ringing/;Unknown;Unknown;Unknown;Unknown;Unknown
a Museum of Dubious Splendors;India;a Museum of Dubious Splendors, is a storybook from the world of Somewhere. A quiet game about prosaic objects and spurious histories, it is an irreverent rumination on the nature of a...;https://shared.cloudflare.steamstatic.com/store_item_assets/steam/apps/772680/header.jpg?t=1618908777;Studio Oleomingus;Studio Oleomingus;Windows, macOS, SteamOS + Linux;To be announced;Adventure, Casual, Free To Play, Indie;https://store.steampowered.com/app/772680/a_Museum_of_Dubious_Splendors/;Unknown;Unknown;Unknown;Unknown;Unknown
Gamedev Beatdown;India;Be a bastion of all that's good in the games industry or crunch like there is no tomorrow. Play as a game developer in an exciting new turn-based combat and narrative game. But beware...;https://shared.cloudflare.steamstatic.com/store_item_assets/steam/apps/1100300/header.jpg?t=1653236700;QYJO;QYJO;Windows, macOS;To be announced;Casual, Indie, RPG, Simulation, Strategy;https://store.steampowered.com/app/1100300/Gamedev_Beatdown/;Unknown;Unknown;Unknown;Unknown;Unknown
In My Shadow;India;Play with shadows using your imagination to solve brain twisting platforming puzzles as you unfold a journey of loss, nostalgia and acceptance.;https://shared.cloudflare.steamstatic.com/store_item_assets/steam/apps/1406200/header.jpg?t=1637842084;Alcon Interactive Group;Playbae;Windows;To be announced;Adventure, Casual, Indie;https://store.steampowered.com/app/1406200/In_My_Shadow/;Unknown;Unknown;Unknown;Unknown;Unknown
Miner's Mettle;India;Miner's Mettle is a artillery-based real-time strategy game. Control a fleet of artillery-trains on an isolated and lawless mining planet. You'll need accurate shooting and tactical p...;https://shared.cloudflare.steamstatic.com/store_item_assets/steam/apps/1058800/header.jpg?t=1721234837;Singular Scheme;Singular Scheme;Windows;To be announced;Strategy;https://store.steampowered.com/app/1058800/Miners_Mettle/;Unknown;Unknown;Unknown;Unknown;Unknown
Bird of Light;India;Bird of Light is an action-strategy platformer with a twist. Place bridge tiles to create paths through levels in the sky, then run through avoiding obstacles in your path. Leap over ...;https://shared.cloudflare.steamstatic.com/store_item_assets/steam/apps/447010/header.jpg?t=1504045411;Roach Interactive;Roach Interactive;Windows, macOS, SteamOS + Linux;To be announced;Action, Adventure, Casual, Indie, Strategy;https://store.steampowered.com/app/447010/Bird_of_Light/;Unknown;Unknown;Unknown;Unknown;Unknown
Heroes Must Diee;India;"Tired of quest going, monster killing ""Heroes"" who keep raiding your house for household items. You build traps and hire minions to fight them off. Stop these Heroes from taking what ...";https://shared.cloudflare.steamstatic.com/store_item_assets/steam/apps/1297440/header.jpg?t=1728978552;Mayawi Software;Mayawi Software;Windows;To be announced;Action, Adventure, Indie, RPG, Simulation, Strategy, Early Access;https://store.steampowered.com/app/1297440/Heroes_Must_Diee/;Unknown;Unknown;Unknown;Unknown;Unknown
Rick Rack;India;Rick Rack uses time loop very delicately, each day all drivers drive out to their destinations at the same time. They all need to reach their destinations quickly and safely. Choices ...;https://shared.cloudflare.steamstatic.com/store_item_assets/steam/apps/1064050/header.jpg?t=1728978505;Mayawi software;Mayawi software;Windows;To be announced;Casual, Indie, Racing;https://store.steampowered.com/app/1064050/Rick_Rack/;Unknown;Unknown;Unknown;Unknown;Unknown
Air Dash;India;Minimalist style, frantic time management and equipment management game of managing a Budget Airline Tycoon. Air Dash.;https://shared.cloudflare.steamstatic.com/store_item_assets/steam/apps/755140/header.jpg?t=1714972391;Conglomerate 5;Vishwakarma studios;Windows;To be announced;Indie, Simulation, Strategy;https://store.steampowered.com/app/755140/Air_Dash/;Unknown;Unknown;Unknown;Unknown;Unknown
Till the dawn, waiting;India;"""Till the Dawn, Waiting"" tells a compassionate story and glimpses of the struggles and loneliness a pet faces but still remains loyal.";https://shared.cloudflare.steamstatic.com/store_item_assets/steam/apps/761760/header.jpg?t=1516778394;underDOGS Gaming Private Limited;underDOGS Gaming Private Limited;Windows, macOS;To be announced;Casual, Indie, Simulation;https://store.steampowered.com/app/761760/Till_the_dawn_waiting/;Unknown;Unknown;Unknown;Unknown;Unknown
The Bonfire 2: Uncharted Shores;India;Build, survive, explore. Design your city, manage resource chains and workers, Send ships on expedition, trade with cities, discover mysterious dungeons and uncover secrets of ancients.;https://shared.cloudflare.steamstatic.com/store_item_assets/steam/apps/1155880/header.jpg?t=1659692213;Xigma Games;Xigma Games;Windows, macOS;To be announced;Indie, Simulation, Strategy;https://store.steampowered.com/app/1155880/The_Bonfire_2_Uncharted_Shores/;Unknown;Unknown;Unknown;Unknown;Unknown
The Bonfire: Forsaken Lands;India;Build, discover, craft and survive.Build your settlement in a snowy encampment, survive monster attacks and manage resources to uncover the secrets of the ancients.;https://shared.cloudflare.steamstatic.com/store_item_assets/steam/apps/788210/header.jpg?t=1572876343;Xigma Games;Xigma Games;Windows, macOS;To be announced;Indie, RPG, Simulation, Strategy;https://store.steampowered.com/app/788210/The_Bonfire_Forsaken_Lands/;Unknown;Unknown;Unknown;Unknown;Unknown
Rubek;India;Roll and match colors in this mind bending puzzle.;https://shared.cloudflare.steamstatic.com/store_item_assets/steam/apps/531740/header.jpg?t=1589481725;Xigma Games;Xigma Games;Windows, macOS;To be announced;Casual, Indie;https://store.steampowered.com/app/531740/Rubek/;Unknown;Unknown;Unknown;Unknown;Unknown
Will Fight for Food: Super Actual Sellout: Game of the Hour;India;Kill, steal, and tread the tender fields of diplomacy in this RPG Brawler with a ridiculously complicated conversation system - or you can just beat up everyone you meet, you psycho.;https://shared.cloudflare.steamstatic.com/store_item_assets/steam/apps/307210/header.jpg?t=1725109098;Pyrodactyl;Pyrodactyl;Windows, macOS, SteamOS + Linux;To be announced;Action, Indie, RPG;https://store.steampowered.com/app/307210/Will_Fight_for_Food_Super_Actual_Sellout_Game_of_the_Hour/;Unknown;Unknown;Unknown;Unknown;Unknown
Puzzle Dazzle;India;Match Blocks. Wait! Is it really that simple? Haha! Got you! It seems simple, but the challenges are mind-bending. Can you match them competing against the clock by planning your move...;https://shared.cloudflare.steamstatic.com/store_item_assets/steam/apps/1588790/header.jpg?t=1744899219;Smash Game Studios;Smash Game Studios;Windows, macOS, SteamOS + Linux;To be announced;Casual, Indie;https://store.steampowered.com/app/1588790/Puzzle_Dazzle/;Unknown;Unknown;Unknown;Unknown;Unknown
The Ultimate Heist;India;Ever wanted to go on an adventure where you get to infiltrate some of the most High Security Vaults across the world? We have you covered, use the gadgets at your disposal to neutrali...;https://shared.cloudflare.steamstatic.com/store_item_assets/steam/apps/758400/header.jpg?t=1513893283;Smash Game Studios;Smash Game Studios;Windows, macOS, SteamOS + Linux;To be announced;Action, Adventure, Casual, Indie, Simulation;https://store.steampowered.com/app/758400/The_Ultimate_Heist/;Unknown;Unknown;Unknown;Unknown;Unknown
Forgotten Fields;India;Forgotten Fields is a game about yearning and nostalgia. Play as Sid - a struggling writer who travels back to his childhood home one last time before it's sold off. Visit old friends...;https://shared.cloudflare.steamstatic.com/store_item_assets/steam/apps/1296980/header.jpg?t=1736950118;Dino Digital;Frostwood Interactive;Windows, macOS, SteamOS + Linux;To be announced;Adventure, Indie;https://store.steampowered.com/app/1296980/Forgotten_Fields/;Unknown;Unknown;Unknown;Unknown;Unknown
Rainswept;India;Rainswept takes you on an emotional adventure in a small town shaken by a double shooting. Join Detective Stone and unravel a tangled web of love, relationships, and unresolved trauma...;https://shared.cloudflare.steamstatic.com/store_item_assets/steam/apps/772290/header.jpg?t=1737098563;Frostwood Interactive;Frostwood Interactive;Windows, macOS, SteamOS + Linux;To be announced;Adventure, Indie;https://store.steampowered.com/app/772290/Rainswept/;Unknown;Unknown;Unknown;Unknown;Unknown
Devi : A light in the dark;India;Uncover hidden truths in a remote Indian village where a teenage girl has vanished without a trace. Step into the shoes of Devi, an amateur sleuth with a passion for detective novels,...;https://shared.cloudflare.steamstatic.com/store_item_assets/steam/apps/1471320/5f1efc13b04c446e34111398abedb86b702d197b/header.jpg?t=1744962707;Flying Robot Studios;Flying Robot Studios;Windows;To be announced;Adventure, Indie;https://store.steampowered.com/app/1471320/Devi__A_light_in_the_dark/;Unknown;Unknown;Unknown;Unknown;Unknown
Tea Garden Simulator;India;Explore tea production intricacies with real-world research, select ideal terroir and clones, master plucking and processing, and create specialty teas for your unique brand. Unravel ...;https://shared.cloudflare.steamstatic.com/store_item_assets/steam/apps/1401340/header.jpg?t=1744959233;SYV Games LLP;Flying Robot Studios;Windows;To be announced;Indie, Simulation, Strategy;https://store.steampowered.com/app/1401340/Tea_Garden_Simulator/;Unknown;Unknown;Unknown;Unknown;Unknown
Warfront Defenders;India;The gameplay is inspired by famous last stands from some of history's deadliest conflicts, such as the Second World War and the Sino-Japanese War. A hybrid of Tower Defense a...;https://shared.cloudflare.steamstatic.com/store_item_assets/steam/apps/412210/header.jpg?t=1653280664;Flying Robot Studios;Flying Robot Studios;Windows;To be announced;Action, Indie, Strategy, Early Access;https://store.steampowered.com/app/412210/Warfront_Defenders/;Unknown;Unknown;Unknown;Unknown;Unknown
Super Lovely Planet;India;A Simple 3D Precision Platformer;https://shared.cloudflare.steamstatic.com/store_item_assets/steam/apps/588540/header.jpg?t=1618279716;quicktequila;quicktequila;Windows, macOS, SteamOS + Linux;To be announced;Indie;https://store.steampowered.com/app/588540/Super_Lovely_Planet/;Unknown;Unknown;Unknown;Unknown;Unknown
Lovely Planet Arcade;India;Relive your journey to Lovely Planet in this brand new adventure packed with impossible tests of skill and patience. Craft intricate combos to unfold the complex puzzle of flying proj...;https://shared.cloudflare.steamstatic.com/store_item_assets/steam/apps/436000/header.jpg?t=1671188208;tinyBuild;quicktequila;Windows, macOS, SteamOS + Linux;To be announced;Action, Adventure, Casual, Indie;https://store.steampowered.com/app/436000/Lovely_Planet_Arcade/;Unknown;Unknown;Unknown;Unknown;Unknown
Lovely Planet 2: April Skies;India;A Very Cute First Person Shooter Game. Sequel to the most adorable and critically acclaimed FPS Gun Ballet of 2014.;https://shared.cloudflare.steamstatic.com/store_item_assets/steam/apps/1019590/header.jpg?t=1727200331;tinyBuild;quicktequila;Windows, macOS, SteamOS + Linux;To be announced;Action, Indie;https://store.steampowered.com/app/1019590/Lovely_Planet_2_April_Skies/;Unknown;Unknown;Unknown;Unknown;Unknown
Lovely Planet;India;A First Person Shooter Gun Ballet set in a cutesy abstract world. Jump and shoot your way through five worlds full of treacherous enemies with your trusty semi-automatic!;https://shared.cloudflare.steamstatic.com/store_item_assets/steam/apps/298600/header.jpg?t=1727200329;tinyBuild;quicktequila;Windows, macOS, SteamOS + Linux;To be announced;Action, Indie;https://store.steampowered.com/app/298600/Lovely_Planet/;Unknown;Unknown;Unknown;Unknown;Unknown
Asura: Vengeance Edition;India;Asura is an Action Rogue-like set in a fantasy world inspired by the richness of Indian mythology. It features a unique procedural skill tree which changes on every play-through.;https://shared.cloudflare.steamstatic.com/store_item_assets/steam/apps/524640/header.jpg?t=1666988684;Ogre Head Studio;Ogre Head Studio;Windows, macOS, SteamOS + Linux;To be announced;Action, Indie;https://store.steampowered.com/app/524640/Asura_Vengeance_Edition/;Unknown;Unknown;Unknown;Unknown;Unknown
Alter Army;India;Alter Army is a hardcore fast paced action platformer with punchy combat overflowing with game feels.Explore a dying civilization and find out what happened and why you are here colle...;https://shared.cloudflare.steamstatic.com/store_item_assets/steam/apps/602300/header.jpg?t=1533757362;Vague Pixels;Vague Pixels;Windows;To be announced;Action, Adventure, Indie;https://store.steampowered.com/app/602300/Alter_Army/;Unknown;Unknown;Unknown;Unknown;Unknown
The Last Train - Definitive Edition;India;As one of the last few survivors of World War II America, help the remaining survivors using your train piloting skills. During the journey you will come across many survivors and you...;https://shared.cloudflare.steamstatic.com/store_item_assets/steam/apps/858170/header.jpg?t=1603428026;Smash Game Studios;Smash Game Studios;Windows, macOS, SteamOS + Linux;To be announced;Adventure, Indie, RPG, Simulation, Strategy;https://store.steampowered.com/app/858170/The_Last_Train__Definitive_Edition/;Unknown;Unknown;Unknown;Unknown;Unknown
CUBOTS The Origins;India;Be a part of an adventurous journey in Cubots: The Origins. Explore and survive in beautiful, atmospheric environments!;https://shared.cloudflare.steamstatic.com/store_item_assets/steam/apps/636400/header.jpg?t=1510571701;Street Lamp Games;Street Lamp Games;Windows;To be announced;Adventure, Casual, Indie;https://store.steampowered.com/app/636400/CUBOTS_The_Origins/;Unknown;Unknown;Unknown;Unknown;Unknown
Good Robot;India;Good Robot is a fast-paced roguelike shoot-em-up that pits you against thousands of robots out to violate your warranty. Explore a procedurally generated sci-fi metropolis and the dep...;https://shared.cloudflare.steamstatic.com/store_item_assets/steam/apps/358830/header.jpg?t=1725109057;Pyrodactyl;Pyrodactyl;Windows;To be announced;Action, Indie, RPG;https://store.steampowered.com/app/358830/Good_Robot/;Unknown;Unknown;Unknown;Unknown;Unknown
Unrest;India;Unrest is a role playing adventure game set in a fantasy interpretation of ancient India that adapts to death, failure, and the choices you make. Play as ordinary people in a struggle...;https://shared.cloudflare.steamstatic.com/store_item_assets/steam/apps/292400/header.jpg?t=1725109090;Pyrodactyl;Pyrodactyl;Windows;To be announced;Adventure, Indie, RPG;https://store.steampowered.com/app/292400/Unrest/;Unknown;Unknown;Unknown;Unknown;Unknown
